--
-- PostgreSQL database dump
--

SET statement_timeout = 0;
SET lock_timeout = 0;
SET client_encoding = 'UTF8';
SET standard_conforming_strings = on;
SET check_function_bodies = false;
SET client_min_messages = warning;

--
-- Name: plpgsql; Type: EXTENSION; Schema: -; Owner: 
--

CREATE EXTENSION IF NOT EXISTS plpgsql WITH SCHEMA pg_catalog;


--
-- Name: EXTENSION plpgsql; Type: COMMENT; Schema: -; Owner: 
--

COMMENT ON EXTENSION plpgsql IS 'PL/pgSQL procedural language';


SET search_path = public, pg_catalog;

SET default_tablespace = '';

SET default_with_oids = false;

--
-- Name: auth_group; Type: TABLE; Schema: public; Owner: postgres; Tablespace: 
--

CREATE TABLE auth_group (
    id integer NOT NULL,
    name character varying(80) NOT NULL
);


ALTER TABLE public.auth_group OWNER TO postgres;

--
-- Name: auth_group_id_seq; Type: SEQUENCE; Schema: public; Owner: postgres
--

CREATE SEQUENCE auth_group_id_seq
    START WITH 1
    INCREMENT BY 1
    NO MINVALUE
    NO MAXVALUE
    CACHE 1;


ALTER TABLE public.auth_group_id_seq OWNER TO postgres;

--
-- Name: auth_group_id_seq; Type: SEQUENCE OWNED BY; Schema: public; Owner: postgres
--

ALTER SEQUENCE auth_group_id_seq OWNED BY auth_group.id;


--
-- Name: auth_group_permissions; Type: TABLE; Schema: public; Owner: postgres; Tablespace: 
--

CREATE TABLE auth_group_permissions (
    id integer NOT NULL,
    group_id integer NOT NULL,
    permission_id integer NOT NULL
);


ALTER TABLE public.auth_group_permissions OWNER TO postgres;

--
-- Name: auth_group_permissions_id_seq; Type: SEQUENCE; Schema: public; Owner: postgres
--

CREATE SEQUENCE auth_group_permissions_id_seq
    START WITH 1
    INCREMENT BY 1
    NO MINVALUE
    NO MAXVALUE
    CACHE 1;


ALTER TABLE public.auth_group_permissions_id_seq OWNER TO postgres;

--
-- Name: auth_group_permissions_id_seq; Type: SEQUENCE OWNED BY; Schema: public; Owner: postgres
--

ALTER SEQUENCE auth_group_permissions_id_seq OWNED BY auth_group_permissions.id;


--
-- Name: auth_permission; Type: TABLE; Schema: public; Owner: postgres; Tablespace: 
--

CREATE TABLE auth_permission (
    id integer NOT NULL,
    name character varying(50) NOT NULL,
    content_type_id integer NOT NULL,
    codename character varying(100) NOT NULL
);


ALTER TABLE public.auth_permission OWNER TO postgres;

--
-- Name: auth_permission_id_seq; Type: SEQUENCE; Schema: public; Owner: postgres
--

CREATE SEQUENCE auth_permission_id_seq
    START WITH 1
    INCREMENT BY 1
    NO MINVALUE
    NO MAXVALUE
    CACHE 1;


ALTER TABLE public.auth_permission_id_seq OWNER TO postgres;

--
-- Name: auth_permission_id_seq; Type: SEQUENCE OWNED BY; Schema: public; Owner: postgres
--

ALTER SEQUENCE auth_permission_id_seq OWNED BY auth_permission.id;


--
-- Name: auth_user; Type: TABLE; Schema: public; Owner: postgres; Tablespace: 
--

CREATE TABLE auth_user (
    id integer NOT NULL,
    password character varying(128) NOT NULL,
    last_login timestamp with time zone NOT NULL,
    is_superuser boolean NOT NULL,
    username character varying(30) NOT NULL,
    first_name character varying(30) NOT NULL,
    last_name character varying(30) NOT NULL,
    email character varying(75) NOT NULL,
    is_staff boolean NOT NULL,
    is_active boolean NOT NULL,
    date_joined timestamp with time zone NOT NULL
);


ALTER TABLE public.auth_user OWNER TO postgres;

--
-- Name: auth_user_groups; Type: TABLE; Schema: public; Owner: postgres; Tablespace: 
--

CREATE TABLE auth_user_groups (
    id integer NOT NULL,
    user_id integer NOT NULL,
    group_id integer NOT NULL
);


ALTER TABLE public.auth_user_groups OWNER TO postgres;

--
-- Name: auth_user_groups_id_seq; Type: SEQUENCE; Schema: public; Owner: postgres
--

CREATE SEQUENCE auth_user_groups_id_seq
    START WITH 1
    INCREMENT BY 1
    NO MINVALUE
    NO MAXVALUE
    CACHE 1;


ALTER TABLE public.auth_user_groups_id_seq OWNER TO postgres;

--
-- Name: auth_user_groups_id_seq; Type: SEQUENCE OWNED BY; Schema: public; Owner: postgres
--

ALTER SEQUENCE auth_user_groups_id_seq OWNED BY auth_user_groups.id;


--
-- Name: auth_user_id_seq; Type: SEQUENCE; Schema: public; Owner: postgres
--

CREATE SEQUENCE auth_user_id_seq
    START WITH 1
    INCREMENT BY 1
    NO MINVALUE
    NO MAXVALUE
    CACHE 1;


ALTER TABLE public.auth_user_id_seq OWNER TO postgres;

--
-- Name: auth_user_id_seq; Type: SEQUENCE OWNED BY; Schema: public; Owner: postgres
--

ALTER SEQUENCE auth_user_id_seq OWNED BY auth_user.id;


--
-- Name: auth_user_user_permissions; Type: TABLE; Schema: public; Owner: postgres; Tablespace: 
--

CREATE TABLE auth_user_user_permissions (
    id integer NOT NULL,
    user_id integer NOT NULL,
    permission_id integer NOT NULL
);


ALTER TABLE public.auth_user_user_permissions OWNER TO postgres;

--
-- Name: auth_user_user_permissions_id_seq; Type: SEQUENCE; Schema: public; Owner: postgres
--

CREATE SEQUENCE auth_user_user_permissions_id_seq
    START WITH 1
    INCREMENT BY 1
    NO MINVALUE
    NO MAXVALUE
    CACHE 1;


ALTER TABLE public.auth_user_user_permissions_id_seq OWNER TO postgres;

--
-- Name: auth_user_user_permissions_id_seq; Type: SEQUENCE OWNED BY; Schema: public; Owner: postgres
--

ALTER SEQUENCE auth_user_user_permissions_id_seq OWNED BY auth_user_user_permissions.id;


--
-- Name: cms_cmsplugin; Type: TABLE; Schema: public; Owner: postgres; Tablespace: 
--

CREATE TABLE cms_cmsplugin (
    id integer NOT NULL,
    placeholder_id integer,
    parent_id integer,
    "position" smallint,
    language character varying(15) NOT NULL,
    plugin_type character varying(50) NOT NULL,
    creation_date timestamp with time zone NOT NULL,
    changed_date timestamp with time zone NOT NULL,
    level integer NOT NULL,
    lft integer NOT NULL,
    rght integer NOT NULL,
    tree_id integer NOT NULL,
    CONSTRAINT cms_cmsplugin_level_check CHECK ((level >= 0)),
    CONSTRAINT cms_cmsplugin_lft_check CHECK ((lft >= 0)),
    CONSTRAINT cms_cmsplugin_position_check CHECK (("position" >= 0)),
    CONSTRAINT cms_cmsplugin_rght_check CHECK ((rght >= 0)),
    CONSTRAINT cms_cmsplugin_tree_id_check CHECK ((tree_id >= 0))
);


ALTER TABLE public.cms_cmsplugin OWNER TO postgres;

--
-- Name: cms_cmsplugin_id_seq; Type: SEQUENCE; Schema: public; Owner: postgres
--

CREATE SEQUENCE cms_cmsplugin_id_seq
    START WITH 1
    INCREMENT BY 1
    NO MINVALUE
    NO MAXVALUE
    CACHE 1;


ALTER TABLE public.cms_cmsplugin_id_seq OWNER TO postgres;

--
-- Name: cms_cmsplugin_id_seq; Type: SEQUENCE OWNED BY; Schema: public; Owner: postgres
--

ALTER SEQUENCE cms_cmsplugin_id_seq OWNED BY cms_cmsplugin.id;


--
-- Name: cms_globalpagepermission; Type: TABLE; Schema: public; Owner: postgres; Tablespace: 
--

CREATE TABLE cms_globalpagepermission (
    id integer NOT NULL,
    user_id integer,
    group_id integer,
    can_change boolean NOT NULL,
    can_add boolean NOT NULL,
    can_delete boolean NOT NULL,
    can_change_advanced_settings boolean NOT NULL,
    can_publish boolean NOT NULL,
    can_change_permissions boolean NOT NULL,
    can_move_page boolean NOT NULL,
    can_view boolean NOT NULL,
    can_recover_page boolean NOT NULL
);


ALTER TABLE public.cms_globalpagepermission OWNER TO postgres;

--
-- Name: cms_globalpagepermission_id_seq; Type: SEQUENCE; Schema: public; Owner: postgres
--

CREATE SEQUENCE cms_globalpagepermission_id_seq
    START WITH 1
    INCREMENT BY 1
    NO MINVALUE
    NO MAXVALUE
    CACHE 1;


ALTER TABLE public.cms_globalpagepermission_id_seq OWNER TO postgres;

--
-- Name: cms_globalpagepermission_id_seq; Type: SEQUENCE OWNED BY; Schema: public; Owner: postgres
--

ALTER SEQUENCE cms_globalpagepermission_id_seq OWNED BY cms_globalpagepermission.id;


--
-- Name: cms_globalpagepermission_sites; Type: TABLE; Schema: public; Owner: postgres; Tablespace: 
--

CREATE TABLE cms_globalpagepermission_sites (
    id integer NOT NULL,
    globalpagepermission_id integer NOT NULL,
    site_id integer NOT NULL
);


ALTER TABLE public.cms_globalpagepermission_sites OWNER TO postgres;

--
-- Name: cms_globalpagepermission_sites_id_seq; Type: SEQUENCE; Schema: public; Owner: postgres
--

CREATE SEQUENCE cms_globalpagepermission_sites_id_seq
    START WITH 1
    INCREMENT BY 1
    NO MINVALUE
    NO MAXVALUE
    CACHE 1;


ALTER TABLE public.cms_globalpagepermission_sites_id_seq OWNER TO postgres;

--
-- Name: cms_globalpagepermission_sites_id_seq; Type: SEQUENCE OWNED BY; Schema: public; Owner: postgres
--

ALTER SEQUENCE cms_globalpagepermission_sites_id_seq OWNED BY cms_globalpagepermission_sites.id;


--
-- Name: cms_page; Type: TABLE; Schema: public; Owner: postgres; Tablespace: 
--

CREATE TABLE cms_page (
    id integer NOT NULL,
    created_by character varying(70) NOT NULL,
    changed_by character varying(70) NOT NULL,
    parent_id integer,
    creation_date timestamp with time zone NOT NULL,
    changed_date timestamp with time zone NOT NULL,
    publication_date timestamp with time zone,
    publication_end_date timestamp with time zone,
    in_navigation boolean NOT NULL,
    soft_root boolean NOT NULL,
    reverse_id character varying(40),
    navigation_extenders character varying(80),
    template character varying(100) NOT NULL,
    site_id integer NOT NULL,
    login_required boolean NOT NULL,
    limit_visibility_in_menu smallint,
    is_home boolean NOT NULL,
    application_urls character varying(200),
    application_namespace character varying(200),
    level integer NOT NULL,
    lft integer NOT NULL,
    rght integer NOT NULL,
    tree_id integer NOT NULL,
    publisher_is_draft boolean NOT NULL,
    publisher_public_id integer,
    languages character varying(255),
    revision_id integer NOT NULL,
    xframe_options integer NOT NULL,
    CONSTRAINT cms_page_level_check CHECK ((level >= 0)),
    CONSTRAINT cms_page_lft_check CHECK ((lft >= 0)),
    CONSTRAINT cms_page_revision_id_check CHECK ((revision_id >= 0)),
    CONSTRAINT cms_page_rght_check CHECK ((rght >= 0)),
    CONSTRAINT cms_page_tree_id_check CHECK ((tree_id >= 0))
);


ALTER TABLE public.cms_page OWNER TO postgres;

--
-- Name: cms_page_id_seq; Type: SEQUENCE; Schema: public; Owner: postgres
--

CREATE SEQUENCE cms_page_id_seq
    START WITH 1
    INCREMENT BY 1
    NO MINVALUE
    NO MAXVALUE
    CACHE 1;


ALTER TABLE public.cms_page_id_seq OWNER TO postgres;

--
-- Name: cms_page_id_seq; Type: SEQUENCE OWNED BY; Schema: public; Owner: postgres
--

ALTER SEQUENCE cms_page_id_seq OWNED BY cms_page.id;


--
-- Name: cms_page_placeholders; Type: TABLE; Schema: public; Owner: postgres; Tablespace: 
--

CREATE TABLE cms_page_placeholders (
    id integer NOT NULL,
    page_id integer NOT NULL,
    placeholder_id integer NOT NULL
);


ALTER TABLE public.cms_page_placeholders OWNER TO postgres;

--
-- Name: cms_page_placeholders_id_seq; Type: SEQUENCE; Schema: public; Owner: postgres
--

CREATE SEQUENCE cms_page_placeholders_id_seq
    START WITH 1
    INCREMENT BY 1
    NO MINVALUE
    NO MAXVALUE
    CACHE 1;


ALTER TABLE public.cms_page_placeholders_id_seq OWNER TO postgres;

--
-- Name: cms_page_placeholders_id_seq; Type: SEQUENCE OWNED BY; Schema: public; Owner: postgres
--

ALTER SEQUENCE cms_page_placeholders_id_seq OWNED BY cms_page_placeholders.id;


--
-- Name: cms_pagepermission; Type: TABLE; Schema: public; Owner: postgres; Tablespace: 
--

CREATE TABLE cms_pagepermission (
    id integer NOT NULL,
    user_id integer,
    group_id integer,
    can_change boolean NOT NULL,
    can_add boolean NOT NULL,
    can_delete boolean NOT NULL,
    can_change_advanced_settings boolean NOT NULL,
    can_publish boolean NOT NULL,
    can_change_permissions boolean NOT NULL,
    can_move_page boolean NOT NULL,
    can_view boolean NOT NULL,
    grant_on integer NOT NULL,
    page_id integer
);


ALTER TABLE public.cms_pagepermission OWNER TO postgres;

--
-- Name: cms_pagepermission_id_seq; Type: SEQUENCE; Schema: public; Owner: postgres
--

CREATE SEQUENCE cms_pagepermission_id_seq
    START WITH 1
    INCREMENT BY 1
    NO MINVALUE
    NO MAXVALUE
    CACHE 1;


ALTER TABLE public.cms_pagepermission_id_seq OWNER TO postgres;

--
-- Name: cms_pagepermission_id_seq; Type: SEQUENCE OWNED BY; Schema: public; Owner: postgres
--

ALTER SEQUENCE cms_pagepermission_id_seq OWNED BY cms_pagepermission.id;


--
-- Name: cms_pageuser; Type: TABLE; Schema: public; Owner: postgres; Tablespace: 
--

CREATE TABLE cms_pageuser (
    user_ptr_id integer NOT NULL,
    created_by_id integer NOT NULL
);


ALTER TABLE public.cms_pageuser OWNER TO postgres;

--
-- Name: cms_pageusergroup; Type: TABLE; Schema: public; Owner: postgres; Tablespace: 
--

CREATE TABLE cms_pageusergroup (
    group_ptr_id integer NOT NULL,
    created_by_id integer NOT NULL
);


ALTER TABLE public.cms_pageusergroup OWNER TO postgres;

--
-- Name: cms_placeholder; Type: TABLE; Schema: public; Owner: postgres; Tablespace: 
--

CREATE TABLE cms_placeholder (
    id integer NOT NULL,
    slot character varying(50) NOT NULL,
    default_width smallint,
    CONSTRAINT cms_placeholder_default_width_check CHECK ((default_width >= 0))
);


ALTER TABLE public.cms_placeholder OWNER TO postgres;

--
-- Name: cms_placeholder_id_seq; Type: SEQUENCE; Schema: public; Owner: postgres
--

CREATE SEQUENCE cms_placeholder_id_seq
    START WITH 1
    INCREMENT BY 1
    NO MINVALUE
    NO MAXVALUE
    CACHE 1;


ALTER TABLE public.cms_placeholder_id_seq OWNER TO postgres;

--
-- Name: cms_placeholder_id_seq; Type: SEQUENCE OWNED BY; Schema: public; Owner: postgres
--

ALTER SEQUENCE cms_placeholder_id_seq OWNED BY cms_placeholder.id;


--
-- Name: cms_placeholderreference; Type: TABLE; Schema: public; Owner: postgres; Tablespace: 
--

CREATE TABLE cms_placeholderreference (
    cmsplugin_ptr_id integer NOT NULL,
    name character varying(255) NOT NULL,
    placeholder_ref_id integer
);


ALTER TABLE public.cms_placeholderreference OWNER TO postgres;

--
-- Name: cms_staticplaceholder; Type: TABLE; Schema: public; Owner: postgres; Tablespace: 
--

CREATE TABLE cms_staticplaceholder (
    id integer NOT NULL,
    name character varying(255) NOT NULL,
    code character varying(255) NOT NULL,
    draft_id integer,
    public_id integer,
    dirty boolean NOT NULL,
    creation_method character varying(20) NOT NULL,
    site_id integer
);


ALTER TABLE public.cms_staticplaceholder OWNER TO postgres;

--
-- Name: cms_staticplaceholder_id_seq; Type: SEQUENCE; Schema: public; Owner: postgres
--

CREATE SEQUENCE cms_staticplaceholder_id_seq
    START WITH 1
    INCREMENT BY 1
    NO MINVALUE
    NO MAXVALUE
    CACHE 1;


ALTER TABLE public.cms_staticplaceholder_id_seq OWNER TO postgres;

--
-- Name: cms_staticplaceholder_id_seq; Type: SEQUENCE OWNED BY; Schema: public; Owner: postgres
--

ALTER SEQUENCE cms_staticplaceholder_id_seq OWNED BY cms_staticplaceholder.id;


--
-- Name: cms_title; Type: TABLE; Schema: public; Owner: postgres; Tablespace: 
--

CREATE TABLE cms_title (
    id integer NOT NULL,
    language character varying(15) NOT NULL,
    title character varying(255) NOT NULL,
    page_title character varying(255),
    menu_title character varying(255),
    meta_description text,
    slug character varying(255) NOT NULL,
    path character varying(255) NOT NULL,
    has_url_overwrite boolean NOT NULL,
    redirect character varying(255),
    page_id integer NOT NULL,
    creation_date timestamp with time zone NOT NULL,
    published boolean NOT NULL,
    publisher_is_draft boolean NOT NULL,
    publisher_public_id integer,
    publisher_state smallint NOT NULL
);


ALTER TABLE public.cms_title OWNER TO postgres;

--
-- Name: cms_title_id_seq; Type: SEQUENCE; Schema: public; Owner: postgres
--

CREATE SEQUENCE cms_title_id_seq
    START WITH 1
    INCREMENT BY 1
    NO MINVALUE
    NO MAXVALUE
    CACHE 1;


ALTER TABLE public.cms_title_id_seq OWNER TO postgres;

--
-- Name: cms_title_id_seq; Type: SEQUENCE OWNED BY; Schema: public; Owner: postgres
--

ALTER SEQUENCE cms_title_id_seq OWNED BY cms_title.id;


--
-- Name: cms_usersettings; Type: TABLE; Schema: public; Owner: postgres; Tablespace: 
--

CREATE TABLE cms_usersettings (
    id integer NOT NULL,
    user_id integer NOT NULL,
    language character varying(10) NOT NULL,
    clipboard_id integer
);


ALTER TABLE public.cms_usersettings OWNER TO postgres;

--
-- Name: cms_usersettings_id_seq; Type: SEQUENCE; Schema: public; Owner: postgres
--

CREATE SEQUENCE cms_usersettings_id_seq
    START WITH 1
    INCREMENT BY 1
    NO MINVALUE
    NO MAXVALUE
    CACHE 1;


ALTER TABLE public.cms_usersettings_id_seq OWNER TO postgres;

--
-- Name: cms_usersettings_id_seq; Type: SEQUENCE OWNED BY; Schema: public; Owner: postgres
--

ALTER SEQUENCE cms_usersettings_id_seq OWNED BY cms_usersettings.id;


--
-- Name: cmsplugin_contact_contact; Type: TABLE; Schema: public; Owner: postgres; Tablespace: 
--

CREATE TABLE cmsplugin_contact_contact (
    cmsplugin_ptr_id integer NOT NULL,
    form_name character varying(60) NOT NULL,
    form_layout character varying(255) NOT NULL,
    site_email character varying(75) NOT NULL,
    thanks text NOT NULL,
    submit character varying(30) NOT NULL,
    spam_protection_method smallint NOT NULL,
    akismet_api_key character varying(255) NOT NULL,
    recaptcha_public_key character varying(255) NOT NULL,
    recaptcha_private_key character varying(255) NOT NULL,
    recaptcha_theme character varying(20) NOT NULL
);


ALTER TABLE public.cmsplugin_contact_contact OWNER TO postgres;

--
-- Name: django_admin_log; Type: TABLE; Schema: public; Owner: postgres; Tablespace: 
--

CREATE TABLE django_admin_log (
    id integer NOT NULL,
    action_time timestamp with time zone NOT NULL,
    user_id integer NOT NULL,
    content_type_id integer,
    object_id text,
    object_repr character varying(200) NOT NULL,
    action_flag smallint NOT NULL,
    change_message text NOT NULL,
    CONSTRAINT django_admin_log_action_flag_check CHECK ((action_flag >= 0))
);


ALTER TABLE public.django_admin_log OWNER TO postgres;

--
-- Name: django_admin_log_id_seq; Type: SEQUENCE; Schema: public; Owner: postgres
--

CREATE SEQUENCE django_admin_log_id_seq
    START WITH 1
    INCREMENT BY 1
    NO MINVALUE
    NO MAXVALUE
    CACHE 1;


ALTER TABLE public.django_admin_log_id_seq OWNER TO postgres;

--
-- Name: django_admin_log_id_seq; Type: SEQUENCE OWNED BY; Schema: public; Owner: postgres
--

ALTER SEQUENCE django_admin_log_id_seq OWNED BY django_admin_log.id;


--
-- Name: django_content_type; Type: TABLE; Schema: public; Owner: postgres; Tablespace: 
--

CREATE TABLE django_content_type (
    id integer NOT NULL,
    name character varying(100) NOT NULL,
    app_label character varying(100) NOT NULL,
    model character varying(100) NOT NULL
);


ALTER TABLE public.django_content_type OWNER TO postgres;

--
-- Name: django_content_type_id_seq; Type: SEQUENCE; Schema: public; Owner: postgres
--

CREATE SEQUENCE django_content_type_id_seq
    START WITH 1
    INCREMENT BY 1
    NO MINVALUE
    NO MAXVALUE
    CACHE 1;


ALTER TABLE public.django_content_type_id_seq OWNER TO postgres;

--
-- Name: django_content_type_id_seq; Type: SEQUENCE OWNED BY; Schema: public; Owner: postgres
--

ALTER SEQUENCE django_content_type_id_seq OWNED BY django_content_type.id;


--
-- Name: django_session; Type: TABLE; Schema: public; Owner: postgres; Tablespace: 
--

CREATE TABLE django_session (
    session_key character varying(40) NOT NULL,
    session_data text NOT NULL,
    expire_date timestamp with time zone NOT NULL
);


ALTER TABLE public.django_session OWNER TO postgres;

--
-- Name: django_site; Type: TABLE; Schema: public; Owner: postgres; Tablespace: 
--

CREATE TABLE django_site (
    id integer NOT NULL,
    domain character varying(100) NOT NULL,
    name character varying(50) NOT NULL
);


ALTER TABLE public.django_site OWNER TO postgres;

--
-- Name: django_site_id_seq; Type: SEQUENCE; Schema: public; Owner: postgres
--

CREATE SEQUENCE django_site_id_seq
    START WITH 1
    INCREMENT BY 1
    NO MINVALUE
    NO MAXVALUE
    CACHE 1;


ALTER TABLE public.django_site_id_seq OWNER TO postgres;

--
-- Name: django_site_id_seq; Type: SEQUENCE OWNED BY; Schema: public; Owner: postgres
--

ALTER SEQUENCE django_site_id_seq OWNED BY django_site.id;


--
-- Name: djangocms_column_column; Type: TABLE; Schema: public; Owner: postgres; Tablespace: 
--

CREATE TABLE djangocms_column_column (
    cmsplugin_ptr_id integer NOT NULL,
    width character varying(50) NOT NULL
);


ALTER TABLE public.djangocms_column_column OWNER TO postgres;

--
-- Name: djangocms_column_multicolumns; Type: TABLE; Schema: public; Owner: postgres; Tablespace: 
--

CREATE TABLE djangocms_column_multicolumns (
    cmsplugin_ptr_id integer NOT NULL
);


ALTER TABLE public.djangocms_column_multicolumns OWNER TO postgres;

--
-- Name: djangocms_file_file; Type: TABLE; Schema: public; Owner: postgres; Tablespace: 
--

CREATE TABLE djangocms_file_file (
    cmsplugin_ptr_id integer NOT NULL,
    file character varying(100) NOT NULL,
    title character varying(255)
);


ALTER TABLE public.djangocms_file_file OWNER TO postgres;

--
-- Name: djangocms_flash_flash; Type: TABLE; Schema: public; Owner: postgres; Tablespace: 
--

CREATE TABLE djangocms_flash_flash (
    cmsplugin_ptr_id integer NOT NULL,
    file character varying(100) NOT NULL,
    width character varying(6) NOT NULL,
    height character varying(6) NOT NULL
);


ALTER TABLE public.djangocms_flash_flash OWNER TO postgres;

--
-- Name: djangocms_googlemap_googlemap; Type: TABLE; Schema: public; Owner: postgres; Tablespace: 
--

CREATE TABLE djangocms_googlemap_googlemap (
    cmsplugin_ptr_id integer NOT NULL,
    title character varying(100),
    address character varying(150) NOT NULL,
    zipcode character varying(30) NOT NULL,
    city character varying(100) NOT NULL,
    content character varying(255) NOT NULL,
    zoom smallint NOT NULL,
    lat numeric(10,6),
    lng numeric(10,6),
    route_planer_title character varying(150),
    route_planer boolean NOT NULL,
    width character varying(6) NOT NULL,
    height character varying(6) NOT NULL,
    info_window boolean NOT NULL,
    scrollwheel boolean NOT NULL,
    double_click_zoom boolean NOT NULL,
    draggable boolean NOT NULL,
    keyboard_shortcuts boolean NOT NULL,
    pan_control boolean NOT NULL,
    zoom_control boolean NOT NULL,
    street_view_control boolean NOT NULL,
    CONSTRAINT djangocms_googlemap_googlemap_zoom_check CHECK ((zoom >= 0))
);


ALTER TABLE public.djangocms_googlemap_googlemap OWNER TO postgres;

--
-- Name: djangocms_inherit_inheritpageplaceholder; Type: TABLE; Schema: public; Owner: postgres; Tablespace: 
--

CREATE TABLE djangocms_inherit_inheritpageplaceholder (
    cmsplugin_ptr_id integer NOT NULL,
    from_page_id integer,
    from_language character varying(5)
);


ALTER TABLE public.djangocms_inherit_inheritpageplaceholder OWNER TO postgres;

--
-- Name: djangocms_link_link; Type: TABLE; Schema: public; Owner: postgres; Tablespace: 
--

CREATE TABLE djangocms_link_link (
    cmsplugin_ptr_id integer NOT NULL,
    name character varying(256) NOT NULL,
    url character varying(200),
    page_link_id integer,
    mailto character varying(75),
    phone character varying(40),
    target character varying(100) NOT NULL
);


ALTER TABLE public.djangocms_link_link OWNER TO postgres;

--
-- Name: djangocms_picture_picture; Type: TABLE; Schema: public; Owner: postgres; Tablespace: 
--

CREATE TABLE djangocms_picture_picture (
    cmsplugin_ptr_id integer NOT NULL,
    image character varying(100) NOT NULL,
    url character varying(255),
    page_link_id integer,
    alt character varying(255),
    longdesc character varying(255),
    "float" character varying(10)
);


ALTER TABLE public.djangocms_picture_picture OWNER TO postgres;

--
-- Name: djangocms_style_style; Type: TABLE; Schema: public; Owner: postgres; Tablespace: 
--

CREATE TABLE djangocms_style_style (
    cmsplugin_ptr_id integer NOT NULL,
    class_name character varying(50),
    tag_type character varying(50) NOT NULL,
    padding_left smallint,
    padding_right smallint,
    padding_top smallint,
    padding_bottom smallint,
    margin_left smallint,
    margin_right smallint,
    margin_top smallint,
    margin_bottom smallint,
    additional_classes character varying(200) NOT NULL
);


ALTER TABLE public.djangocms_style_style OWNER TO postgres;

--
-- Name: djangocms_teaser_teaser; Type: TABLE; Schema: public; Owner: postgres; Tablespace: 
--

CREATE TABLE djangocms_teaser_teaser (
    cmsplugin_ptr_id integer NOT NULL,
    title character varying(255) NOT NULL,
    image character varying(100),
    page_link_id integer,
    url character varying(255),
    description text
);


ALTER TABLE public.djangocms_teaser_teaser OWNER TO postgres;

--
-- Name: djangocms_text_ckeditor_text; Type: TABLE; Schema: public; Owner: postgres; Tablespace: 
--

CREATE TABLE djangocms_text_ckeditor_text (
    cmsplugin_ptr_id integer NOT NULL,
    body text NOT NULL
);


ALTER TABLE public.djangocms_text_ckeditor_text OWNER TO postgres;

--
-- Name: djangocms_video_video; Type: TABLE; Schema: public; Owner: postgres; Tablespace: 
--

CREATE TABLE djangocms_video_video (
    cmsplugin_ptr_id integer NOT NULL,
    movie character varying(100),
    movie_url character varying(255),
    image character varying(100),
    width smallint NOT NULL,
    height smallint NOT NULL,
    auto_play boolean NOT NULL,
    auto_hide boolean NOT NULL,
    fullscreen boolean NOT NULL,
    loop boolean NOT NULL,
    bgcolor character varying(6) NOT NULL,
    textcolor character varying(6) NOT NULL,
    seekbarcolor character varying(6) NOT NULL,
    seekbarbgcolor character varying(6) NOT NULL,
    loadingbarcolor character varying(6) NOT NULL,
    buttonoutcolor character varying(6) NOT NULL,
    buttonovercolor character varying(6) NOT NULL,
    buttonhighlightcolor character varying(6) NOT NULL,
    CONSTRAINT djangocms_video_video_height_check CHECK ((height >= 0)),
    CONSTRAINT djangocms_video_video_width_check CHECK ((width >= 0))
);


ALTER TABLE public.djangocms_video_video OWNER TO postgres;

--
-- Name: menus_cachekey; Type: TABLE; Schema: public; Owner: postgres; Tablespace: 
--

CREATE TABLE menus_cachekey (
    id integer NOT NULL,
    language character varying(255) NOT NULL,
    site integer NOT NULL,
    key character varying(255) NOT NULL,
    CONSTRAINT menus_cachekey_site_check CHECK ((site >= 0))
);


ALTER TABLE public.menus_cachekey OWNER TO postgres;

--
-- Name: menus_cachekey_id_seq; Type: SEQUENCE; Schema: public; Owner: postgres
--

CREATE SEQUENCE menus_cachekey_id_seq
    START WITH 1
    INCREMENT BY 1
    NO MINVALUE
    NO MAXVALUE
    CACHE 1;


ALTER TABLE public.menus_cachekey_id_seq OWNER TO postgres;

--
-- Name: menus_cachekey_id_seq; Type: SEQUENCE OWNED BY; Schema: public; Owner: postgres
--

ALTER SEQUENCE menus_cachekey_id_seq OWNED BY menus_cachekey.id;


--
-- Name: metro_restoration_customcontact; Type: TABLE; Schema: public; Owner: postgres; Tablespace: 
--

CREATE TABLE metro_restoration_customcontact (
    cmsplugin_ptr_id integer NOT NULL,
    form_name character varying(60) NOT NULL,
    form_layout character varying(255) NOT NULL,
    site_email character varying(75) NOT NULL,
    thanks text NOT NULL,
    submit character varying(30) NOT NULL,
    spam_protection_method smallint NOT NULL,
    akismet_api_key character varying(255) NOT NULL,
    recaptcha_public_key character varying(255) NOT NULL,
    recaptcha_private_key character varying(255) NOT NULL,
    recaptcha_theme character varying(20) NOT NULL,
    custom_label character varying(20) NOT NULL
);


ALTER TABLE public.metro_restoration_customcontact OWNER TO postgres;

--
-- Name: reversion_revision; Type: TABLE; Schema: public; Owner: postgres; Tablespace: 
--

CREATE TABLE reversion_revision (
    id integer NOT NULL,
    manager_slug character varying(200) NOT NULL,
    date_created timestamp with time zone NOT NULL,
    user_id integer,
    comment text NOT NULL
);


ALTER TABLE public.reversion_revision OWNER TO postgres;

--
-- Name: reversion_revision_id_seq; Type: SEQUENCE; Schema: public; Owner: postgres
--

CREATE SEQUENCE reversion_revision_id_seq
    START WITH 1
    INCREMENT BY 1
    NO MINVALUE
    NO MAXVALUE
    CACHE 1;


ALTER TABLE public.reversion_revision_id_seq OWNER TO postgres;

--
-- Name: reversion_revision_id_seq; Type: SEQUENCE OWNED BY; Schema: public; Owner: postgres
--

ALTER SEQUENCE reversion_revision_id_seq OWNED BY reversion_revision.id;


--
-- Name: reversion_version; Type: TABLE; Schema: public; Owner: postgres; Tablespace: 
--

CREATE TABLE reversion_version (
    id integer NOT NULL,
    revision_id integer NOT NULL,
    object_id text NOT NULL,
    object_id_int integer,
    content_type_id integer NOT NULL,
    format character varying(255) NOT NULL,
    serialized_data text NOT NULL,
    object_repr text NOT NULL
);


ALTER TABLE public.reversion_version OWNER TO postgres;

--
-- Name: reversion_version_id_seq; Type: SEQUENCE; Schema: public; Owner: postgres
--

CREATE SEQUENCE reversion_version_id_seq
    START WITH 1
    INCREMENT BY 1
    NO MINVALUE
    NO MAXVALUE
    CACHE 1;


ALTER TABLE public.reversion_version_id_seq OWNER TO postgres;

--
-- Name: reversion_version_id_seq; Type: SEQUENCE OWNED BY; Schema: public; Owner: postgres
--

ALTER SEQUENCE reversion_version_id_seq OWNED BY reversion_version.id;


--
-- Name: south_migrationhistory; Type: TABLE; Schema: public; Owner: postgres; Tablespace: 
--

CREATE TABLE south_migrationhistory (
    id integer NOT NULL,
    app_name character varying(255) NOT NULL,
    migration character varying(255) NOT NULL,
    applied timestamp with time zone NOT NULL
);


ALTER TABLE public.south_migrationhistory OWNER TO postgres;

--
-- Name: south_migrationhistory_id_seq; Type: SEQUENCE; Schema: public; Owner: postgres
--

CREATE SEQUENCE south_migrationhistory_id_seq
    START WITH 1
    INCREMENT BY 1
    NO MINVALUE
    NO MAXVALUE
    CACHE 1;


ALTER TABLE public.south_migrationhistory_id_seq OWNER TO postgres;

--
-- Name: south_migrationhistory_id_seq; Type: SEQUENCE OWNED BY; Schema: public; Owner: postgres
--

ALTER SEQUENCE south_migrationhistory_id_seq OWNED BY south_migrationhistory.id;


--
-- Name: id; Type: DEFAULT; Schema: public; Owner: postgres
--

ALTER TABLE ONLY auth_group ALTER COLUMN id SET DEFAULT nextval('auth_group_id_seq'::regclass);


--
-- Name: id; Type: DEFAULT; Schema: public; Owner: postgres
--

ALTER TABLE ONLY auth_group_permissions ALTER COLUMN id SET DEFAULT nextval('auth_group_permissions_id_seq'::regclass);


--
-- Name: id; Type: DEFAULT; Schema: public; Owner: postgres
--

ALTER TABLE ONLY auth_permission ALTER COLUMN id SET DEFAULT nextval('auth_permission_id_seq'::regclass);


--
-- Name: id; Type: DEFAULT; Schema: public; Owner: postgres
--

ALTER TABLE ONLY auth_user ALTER COLUMN id SET DEFAULT nextval('auth_user_id_seq'::regclass);


--
-- Name: id; Type: DEFAULT; Schema: public; Owner: postgres
--

ALTER TABLE ONLY auth_user_groups ALTER COLUMN id SET DEFAULT nextval('auth_user_groups_id_seq'::regclass);


--
-- Name: id; Type: DEFAULT; Schema: public; Owner: postgres
--

ALTER TABLE ONLY auth_user_user_permissions ALTER COLUMN id SET DEFAULT nextval('auth_user_user_permissions_id_seq'::regclass);


--
-- Name: id; Type: DEFAULT; Schema: public; Owner: postgres
--

ALTER TABLE ONLY cms_cmsplugin ALTER COLUMN id SET DEFAULT nextval('cms_cmsplugin_id_seq'::regclass);


--
-- Name: id; Type: DEFAULT; Schema: public; Owner: postgres
--

ALTER TABLE ONLY cms_globalpagepermission ALTER COLUMN id SET DEFAULT nextval('cms_globalpagepermission_id_seq'::regclass);


--
-- Name: id; Type: DEFAULT; Schema: public; Owner: postgres
--

ALTER TABLE ONLY cms_globalpagepermission_sites ALTER COLUMN id SET DEFAULT nextval('cms_globalpagepermission_sites_id_seq'::regclass);


--
-- Name: id; Type: DEFAULT; Schema: public; Owner: postgres
--

ALTER TABLE ONLY cms_page ALTER COLUMN id SET DEFAULT nextval('cms_page_id_seq'::regclass);


--
-- Name: id; Type: DEFAULT; Schema: public; Owner: postgres
--

ALTER TABLE ONLY cms_page_placeholders ALTER COLUMN id SET DEFAULT nextval('cms_page_placeholders_id_seq'::regclass);


--
-- Name: id; Type: DEFAULT; Schema: public; Owner: postgres
--

ALTER TABLE ONLY cms_pagepermission ALTER COLUMN id SET DEFAULT nextval('cms_pagepermission_id_seq'::regclass);


--
-- Name: id; Type: DEFAULT; Schema: public; Owner: postgres
--

ALTER TABLE ONLY cms_placeholder ALTER COLUMN id SET DEFAULT nextval('cms_placeholder_id_seq'::regclass);


--
-- Name: id; Type: DEFAULT; Schema: public; Owner: postgres
--

ALTER TABLE ONLY cms_staticplaceholder ALTER COLUMN id SET DEFAULT nextval('cms_staticplaceholder_id_seq'::regclass);


--
-- Name: id; Type: DEFAULT; Schema: public; Owner: postgres
--

ALTER TABLE ONLY cms_title ALTER COLUMN id SET DEFAULT nextval('cms_title_id_seq'::regclass);


--
-- Name: id; Type: DEFAULT; Schema: public; Owner: postgres
--

ALTER TABLE ONLY cms_usersettings ALTER COLUMN id SET DEFAULT nextval('cms_usersettings_id_seq'::regclass);


--
-- Name: id; Type: DEFAULT; Schema: public; Owner: postgres
--

ALTER TABLE ONLY django_admin_log ALTER COLUMN id SET DEFAULT nextval('django_admin_log_id_seq'::regclass);


--
-- Name: id; Type: DEFAULT; Schema: public; Owner: postgres
--

ALTER TABLE ONLY django_content_type ALTER COLUMN id SET DEFAULT nextval('django_content_type_id_seq'::regclass);


--
-- Name: id; Type: DEFAULT; Schema: public; Owner: postgres
--

ALTER TABLE ONLY django_site ALTER COLUMN id SET DEFAULT nextval('django_site_id_seq'::regclass);


--
-- Name: id; Type: DEFAULT; Schema: public; Owner: postgres
--

ALTER TABLE ONLY menus_cachekey ALTER COLUMN id SET DEFAULT nextval('menus_cachekey_id_seq'::regclass);


--
-- Name: id; Type: DEFAULT; Schema: public; Owner: postgres
--

ALTER TABLE ONLY reversion_revision ALTER COLUMN id SET DEFAULT nextval('reversion_revision_id_seq'::regclass);


--
-- Name: id; Type: DEFAULT; Schema: public; Owner: postgres
--

ALTER TABLE ONLY reversion_version ALTER COLUMN id SET DEFAULT nextval('reversion_version_id_seq'::regclass);


--
-- Name: id; Type: DEFAULT; Schema: public; Owner: postgres
--

ALTER TABLE ONLY south_migrationhistory ALTER COLUMN id SET DEFAULT nextval('south_migrationhistory_id_seq'::regclass);


--
-- Data for Name: auth_group; Type: TABLE DATA; Schema: public; Owner: postgres
--

COPY auth_group (id, name) FROM stdin;
\.


--
-- Name: auth_group_id_seq; Type: SEQUENCE SET; Schema: public; Owner: postgres
--

SELECT pg_catalog.setval('auth_group_id_seq', 1, false);


--
-- Data for Name: auth_group_permissions; Type: TABLE DATA; Schema: public; Owner: postgres
--

COPY auth_group_permissions (id, group_id, permission_id) FROM stdin;
\.


--
-- Name: auth_group_permissions_id_seq; Type: SEQUENCE SET; Schema: public; Owner: postgres
--

SELECT pg_catalog.setval('auth_group_permissions_id_seq', 1, false);


--
-- Data for Name: auth_permission; Type: TABLE DATA; Schema: public; Owner: postgres
--

COPY auth_permission (id, name, content_type_id, codename) FROM stdin;
1	Can add text	1	add_text
2	Can change text	1	change_text
3	Can delete text	1	delete_text
4	Can add permission	2	add_permission
5	Can change permission	2	change_permission
6	Can delete permission	2	delete_permission
7	Can add group	3	add_group
8	Can change group	3	change_group
9	Can delete group	3	delete_group
10	Can add user	4	add_user
11	Can change user	4	change_user
12	Can delete user	4	delete_user
13	Can add content type	5	add_contenttype
14	Can change content type	5	change_contenttype
15	Can delete content type	5	delete_contenttype
16	Can add session	6	add_session
17	Can change session	6	change_session
18	Can delete session	6	delete_session
19	Can add log entry	7	add_logentry
20	Can change log entry	7	change_logentry
21	Can delete log entry	7	delete_logentry
22	Can add site	8	add_site
23	Can change site	8	change_site
24	Can delete site	8	delete_site
25	Can add user setting	9	add_usersettings
26	Can change user setting	9	change_usersettings
27	Can delete user setting	9	delete_usersettings
28	Can add placeholder	10	add_placeholder
29	Can change placeholder	10	change_placeholder
30	Can delete placeholder	10	delete_placeholder
31	Can add cms plugin	11	add_cmsplugin
32	Can change cms plugin	11	change_cmsplugin
33	Can delete cms plugin	11	delete_cmsplugin
34	Can add page	12	add_page
35	Can change page	12	change_page
36	Can delete page	12	delete_page
37	Can view page	12	view_page
38	Can publish page	12	publish_page
39	Can add Page global permission	13	add_globalpagepermission
40	Can change Page global permission	13	change_globalpagepermission
41	Can delete Page global permission	13	delete_globalpagepermission
42	Can add Page permission	14	add_pagepermission
43	Can change Page permission	14	change_pagepermission
44	Can delete Page permission	14	delete_pagepermission
45	Can add User (page)	15	add_pageuser
46	Can change User (page)	15	change_pageuser
47	Can delete User (page)	15	delete_pageuser
48	Can add User group (page)	16	add_pageusergroup
49	Can change User group (page)	16	change_pageusergroup
50	Can delete User group (page)	16	delete_pageusergroup
51	Can add title	17	add_title
52	Can change title	17	change_title
53	Can delete title	17	delete_title
54	Can add placeholder reference	18	add_placeholderreference
55	Can change placeholder reference	18	change_placeholderreference
56	Can delete placeholder reference	18	delete_placeholderreference
57	Can add static placeholder	19	add_staticplaceholder
58	Can change static placeholder	19	change_staticplaceholder
59	Can delete static placeholder	19	delete_staticplaceholder
60	Can add cache key	20	add_cachekey
61	Can change cache key	20	change_cachekey
62	Can delete cache key	20	delete_cachekey
63	Can add migration history	21	add_migrationhistory
64	Can change migration history	21	change_migrationhistory
65	Can delete migration history	21	delete_migrationhistory
66	Can add style	22	add_style
67	Can change style	22	change_style
68	Can delete style	22	delete_style
69	Can add multi columns	23	add_multicolumns
70	Can change multi columns	23	change_multicolumns
71	Can delete multi columns	23	delete_multicolumns
72	Can add column	24	add_column
73	Can change column	24	change_column
74	Can delete column	24	delete_column
75	Can add file	25	add_file
76	Can change file	25	change_file
77	Can delete file	25	delete_file
78	Can add flash	26	add_flash
79	Can change flash	26	change_flash
80	Can delete flash	26	delete_flash
81	Can add google map	27	add_googlemap
82	Can change google map	27	change_googlemap
83	Can delete google map	27	delete_googlemap
84	Can add inherit page placeholder	28	add_inheritpageplaceholder
85	Can change inherit page placeholder	28	change_inheritpageplaceholder
86	Can delete inherit page placeholder	28	delete_inheritpageplaceholder
87	Can add link	29	add_link
88	Can change link	29	change_link
89	Can delete link	29	delete_link
90	Can add picture	30	add_picture
91	Can change picture	30	change_picture
92	Can delete picture	30	delete_picture
93	Can add teaser	31	add_teaser
94	Can change teaser	31	change_teaser
95	Can delete teaser	31	delete_teaser
96	Can add video	32	add_video
97	Can change video	32	change_video
98	Can delete video	32	delete_video
99	Can add revision	33	add_revision
100	Can change revision	33	change_revision
101	Can delete revision	33	delete_revision
102	Can add version	34	add_version
103	Can change version	34	change_version
104	Can delete version	34	delete_version
105	Can add contact	35	add_contact
106	Can change contact	35	change_contact
107	Can delete contact	35	delete_contact
108	Can add custom contact	36	add_customcontact
109	Can change custom contact	36	change_customcontact
110	Can delete custom contact	36	delete_customcontact
\.


--
-- Name: auth_permission_id_seq; Type: SEQUENCE SET; Schema: public; Owner: postgres
--

SELECT pg_catalog.setval('auth_permission_id_seq', 110, true);


--
-- Data for Name: auth_user; Type: TABLE DATA; Schema: public; Owner: postgres
--

COPY auth_user (id, password, last_login, is_superuser, username, first_name, last_name, email, is_staff, is_active, date_joined) FROM stdin;
1	pbkdf2_sha256$10000$Mb72hv6XvKIL$dYJNBOpFsJn3fQp7U4QHPAp7tIHIlU++lIqNnDviCew=	2014-05-13 11:46:14.068-05	t	dbonebrake			danielbonebrake@gmail.com	t	t	2014-05-13 11:35:28.955-05
\.


--
-- Data for Name: auth_user_groups; Type: TABLE DATA; Schema: public; Owner: postgres
--

COPY auth_user_groups (id, user_id, group_id) FROM stdin;
\.


--
-- Name: auth_user_groups_id_seq; Type: SEQUENCE SET; Schema: public; Owner: postgres
--

SELECT pg_catalog.setval('auth_user_groups_id_seq', 1, false);


--
-- Name: auth_user_id_seq; Type: SEQUENCE SET; Schema: public; Owner: postgres
--

SELECT pg_catalog.setval('auth_user_id_seq', 1, true);


--
-- Data for Name: auth_user_user_permissions; Type: TABLE DATA; Schema: public; Owner: postgres
--

COPY auth_user_user_permissions (id, user_id, permission_id) FROM stdin;
\.


--
-- Name: auth_user_user_permissions_id_seq; Type: SEQUENCE SET; Schema: public; Owner: postgres
--

SELECT pg_catalog.setval('auth_user_user_permissions_id_seq', 1, false);


--
-- Data for Name: cms_cmsplugin; Type: TABLE DATA; Schema: public; Owner: postgres
--

COPY cms_cmsplugin (id, placeholder_id, parent_id, "position", language, plugin_type, creation_date, changed_date, level, lft, rght, tree_id) FROM stdin;
1	8	\N	0	en	CustomContactPlugin	2014-05-13 11:39:01.949-05	2014-05-13 11:39:20.7-05	0	1	2	1
2	5	\N	0	en	TextPlugin	2014-05-13 11:41:49.651-05	2014-05-13 11:42:10.908-05	0	1	2	2
3	6	\N	0	en	TextPlugin	2014-05-13 11:42:18.359-05	2014-05-13 11:42:58.318-05	0	1	2	3
4	7	\N	0	en	TextPlugin	2014-05-13 11:43:06.56-05	2014-05-13 11:43:23.891-05	0	1	2	4
5	4	\N	0	en	TextPlugin	2014-05-13 11:43:30.888-05	2014-05-13 11:44:47.026-05	0	1	2	5
6	9	\N	0	en	TextPlugin	2014-05-13 11:43:30.888-05	2014-05-13 11:45:22.041-05	0	1	2	6
7	10	\N	0	en	TextPlugin	2014-05-13 11:41:49.651-05	2014-05-13 11:45:22.072-05	0	1	2	7
8	11	\N	0	en	TextPlugin	2014-05-13 11:42:18.359-05	2014-05-13 11:45:22.105-05	0	1	2	8
9	12	\N	0	en	TextPlugin	2014-05-13 11:43:06.56-05	2014-05-13 11:45:22.138-05	0	1	2	9
10	13	\N	0	en	CustomContactPlugin	2014-05-13 11:39:01.949-05	2014-05-13 11:46:25.998-05	0	1	2	10
\.


--
-- Name: cms_cmsplugin_id_seq; Type: SEQUENCE SET; Schema: public; Owner: postgres
--

SELECT pg_catalog.setval('cms_cmsplugin_id_seq', 10, true);


--
-- Data for Name: cms_globalpagepermission; Type: TABLE DATA; Schema: public; Owner: postgres
--

COPY cms_globalpagepermission (id, user_id, group_id, can_change, can_add, can_delete, can_change_advanced_settings, can_publish, can_change_permissions, can_move_page, can_view, can_recover_page) FROM stdin;
\.


--
-- Name: cms_globalpagepermission_id_seq; Type: SEQUENCE SET; Schema: public; Owner: postgres
--

SELECT pg_catalog.setval('cms_globalpagepermission_id_seq', 1, false);


--
-- Data for Name: cms_globalpagepermission_sites; Type: TABLE DATA; Schema: public; Owner: postgres
--

COPY cms_globalpagepermission_sites (id, globalpagepermission_id, site_id) FROM stdin;
\.


--
-- Name: cms_globalpagepermission_sites_id_seq; Type: SEQUENCE SET; Schema: public; Owner: postgres
--

SELECT pg_catalog.setval('cms_globalpagepermission_sites_id_seq', 1, false);


--
-- Data for Name: cms_page; Type: TABLE DATA; Schema: public; Owner: postgres
--

COPY cms_page (id, created_by, changed_by, parent_id, creation_date, changed_date, publication_date, publication_end_date, in_navigation, soft_root, reverse_id, navigation_extenders, template, site_id, login_required, limit_visibility_in_menu, is_home, application_urls, application_namespace, level, lft, rght, tree_id, publisher_is_draft, publisher_public_id, languages, revision_id, xframe_options) FROM stdin;
4	dbonebrake	dbonebrake	\N	2014-05-13 11:46:25.916-05	2014-05-13 11:46:26.006-05	2014-05-13 11:46:25.907-05	\N	t	f	\N	\N	INHERIT	1	f	\N	f	\N	\N	0	1	2	4	f	3	en	0	0
2	dbonebrake	dbonebrake	\N	2014-05-13 11:36:35.954-05	2014-05-13 11:46:26.032-05	2014-05-13 11:36:35.942-05	\N	t	f	\N	\N	feature.html	1	f	\N	t	\N	\N	0	1	2	2	f	1	en	0	0
1	dbonebrake	dbonebrake	\N	2014-05-13 11:36:35.735-05	2014-05-13 11:46:26.074-05	2014-05-13 11:36:35.942-05	\N	t	f	\N	\N	feature.html	1	f	\N	t	\N	\N	0	1	2	1	t	2	en	0	0
3	dbonebrake	dbonebrake	\N	2014-05-13 11:38:52.351-05	2014-05-13 11:46:26.111-05	2014-05-13 11:46:25.907-05	\N	t	f	\N	\N	INHERIT	1	f	\N	f	\N	\N	0	1	2	3	t	4	en	0	0
\.


--
-- Name: cms_page_id_seq; Type: SEQUENCE SET; Schema: public; Owner: postgres
--

SELECT pg_catalog.setval('cms_page_id_seq', 4, true);


--
-- Data for Name: cms_page_placeholders; Type: TABLE DATA; Schema: public; Owner: postgres
--

COPY cms_page_placeholders (id, page_id, placeholder_id) FROM stdin;
1	1	2
2	2	3
3	1	4
4	1	5
5	1	6
6	1	7
7	3	8
8	2	9
9	2	10
10	2	11
11	2	12
12	4	13
\.


--
-- Name: cms_page_placeholders_id_seq; Type: SEQUENCE SET; Schema: public; Owner: postgres
--

SELECT pg_catalog.setval('cms_page_placeholders_id_seq', 12, true);


--
-- Data for Name: cms_pagepermission; Type: TABLE DATA; Schema: public; Owner: postgres
--

COPY cms_pagepermission (id, user_id, group_id, can_change, can_add, can_delete, can_change_advanced_settings, can_publish, can_change_permissions, can_move_page, can_view, grant_on, page_id) FROM stdin;
\.


--
-- Name: cms_pagepermission_id_seq; Type: SEQUENCE SET; Schema: public; Owner: postgres
--

SELECT pg_catalog.setval('cms_pagepermission_id_seq', 1, false);


--
-- Data for Name: cms_pageuser; Type: TABLE DATA; Schema: public; Owner: postgres
--

COPY cms_pageuser (user_ptr_id, created_by_id) FROM stdin;
\.


--
-- Data for Name: cms_pageusergroup; Type: TABLE DATA; Schema: public; Owner: postgres
--

COPY cms_pageusergroup (group_ptr_id, created_by_id) FROM stdin;
\.


--
-- Data for Name: cms_placeholder; Type: TABLE DATA; Schema: public; Owner: postgres
--

COPY cms_placeholder (id, slot, default_width) FROM stdin;
1	clipboard	\N
2	content	\N
3	content	\N
4	feature	\N
5	content1	\N
6	content2	\N
7	content3	\N
8	content	\N
9	feature	\N
10	content1	\N
11	content2	\N
12	content3	\N
13	content	\N
\.


--
-- Name: cms_placeholder_id_seq; Type: SEQUENCE SET; Schema: public; Owner: postgres
--

SELECT pg_catalog.setval('cms_placeholder_id_seq', 13, true);


--
-- Data for Name: cms_placeholderreference; Type: TABLE DATA; Schema: public; Owner: postgres
--

COPY cms_placeholderreference (cmsplugin_ptr_id, name, placeholder_ref_id) FROM stdin;
\.


--
-- Data for Name: cms_staticplaceholder; Type: TABLE DATA; Schema: public; Owner: postgres
--

COPY cms_staticplaceholder (id, name, code, draft_id, public_id, dirty, creation_method, site_id) FROM stdin;
\.


--
-- Name: cms_staticplaceholder_id_seq; Type: SEQUENCE SET; Schema: public; Owner: postgres
--

SELECT pg_catalog.setval('cms_staticplaceholder_id_seq', 1, false);


--
-- Data for Name: cms_title; Type: TABLE DATA; Schema: public; Owner: postgres
--

COPY cms_title (id, language, title, page_title, menu_title, meta_description, slug, path, has_url_overwrite, redirect, page_id, creation_date, published, publisher_is_draft, publisher_public_id, publisher_state) FROM stdin;
1	en	Metro Restoration		Home		metro-restoration		f	\N	1	2014-05-13 11:36:35.895-05	t	t	2	0
2	en	Metro Restoration		Home		metro-restoration		f	\N	2	2014-05-13 11:36:35.895-05	t	f	1	1
3	en	Contact		Contact		contact	contact	f	\N	3	2014-05-13 11:38:52.396-05	t	t	4	0
4	en	Contact		Contact		contact	contact	f	\N	4	2014-05-13 11:38:52.396-05	t	f	3	1
\.


--
-- Name: cms_title_id_seq; Type: SEQUENCE SET; Schema: public; Owner: postgres
--

SELECT pg_catalog.setval('cms_title_id_seq', 4, true);


--
-- Data for Name: cms_usersettings; Type: TABLE DATA; Schema: public; Owner: postgres
--

COPY cms_usersettings (id, user_id, language, clipboard_id) FROM stdin;
1	1	en	1
\.


--
-- Name: cms_usersettings_id_seq; Type: SEQUENCE SET; Schema: public; Owner: postgres
--

SELECT pg_catalog.setval('cms_usersettings_id_seq', 1, true);


--
-- Data for Name: cmsplugin_contact_contact; Type: TABLE DATA; Schema: public; Owner: postgres
--

COPY cmsplugin_contact_contact (cmsplugin_ptr_id, form_name, form_layout, site_email, thanks, submit, spam_protection_method, akismet_api_key, recaptcha_public_key, recaptcha_private_key, recaptcha_theme) FROM stdin;
\.


--
-- Data for Name: django_admin_log; Type: TABLE DATA; Schema: public; Owner: postgres
--

COPY django_admin_log (id, action_time, user_id, content_type_id, object_id, object_repr, action_flag, change_message) FROM stdin;
1	2014-05-13 11:36:36.104-05	1	12	1	Home	1	
2	2014-05-13 11:38:52.404-05	1	12	3	Contact	1	
3	2014-05-13 11:45:22.228-05	1	12	1	Metro Restoration	2	
4	2014-05-13 11:46:26.088-05	1	12	3	Contact	2	
\.


--
-- Name: django_admin_log_id_seq; Type: SEQUENCE SET; Schema: public; Owner: postgres
--

SELECT pg_catalog.setval('django_admin_log_id_seq', 4, true);


--
-- Data for Name: django_content_type; Type: TABLE DATA; Schema: public; Owner: postgres
--

COPY django_content_type (id, name, app_label, model) FROM stdin;
1	text	djangocms_text_ckeditor	text
2	permission	auth	permission
3	group	auth	group
4	user	auth	user
5	content type	contenttypes	contenttype
6	session	sessions	session
7	log entry	admin	logentry
8	site	sites	site
9	user setting	cms	usersettings
10	placeholder	cms	placeholder
11	cms plugin	cms	cmsplugin
12	page	cms	page
13	Page global permission	cms	globalpagepermission
14	Page permission	cms	pagepermission
15	User (page)	cms	pageuser
16	User group (page)	cms	pageusergroup
17	title	cms	title
18	placeholder reference	cms	placeholderreference
19	static placeholder	cms	staticplaceholder
20	cache key	menus	cachekey
21	migration history	south	migrationhistory
22	style	djangocms_style	style
23	multi columns	djangocms_column	multicolumns
24	column	djangocms_column	column
25	file	djangocms_file	file
26	flash	djangocms_flash	flash
27	google map	djangocms_googlemap	googlemap
28	inherit page placeholder	djangocms_inherit	inheritpageplaceholder
29	link	djangocms_link	link
30	picture	djangocms_picture	picture
31	teaser	djangocms_teaser	teaser
32	video	djangocms_video	video
33	revision	reversion	revision
34	version	reversion	version
35	contact	cmsplugin_contact	contact
36	custom contact	metro_restoration	customcontact
\.


--
-- Name: django_content_type_id_seq; Type: SEQUENCE SET; Schema: public; Owner: postgres
--

SELECT pg_catalog.setval('django_content_type_id_seq', 36, true);


--
-- Data for Name: django_session; Type: TABLE DATA; Schema: public; Owner: postgres
--

COPY django_session (session_key, session_data, expire_date) FROM stdin;
aefrvaa8pgxkunnu5xp6a4t0souhc6dg	N2M2N2NmY2YxODA5ZTAwYWQ3MWFmMjllOGM2OGRkYWUzMThhYmE5YTqAAn1xAS4=	2014-05-27 11:46:30.039-05
\.


--
-- Data for Name: django_site; Type: TABLE DATA; Schema: public; Owner: postgres
--

COPY django_site (id, domain, name) FROM stdin;
1	example.com	example.com
\.


--
-- Name: django_site_id_seq; Type: SEQUENCE SET; Schema: public; Owner: postgres
--

SELECT pg_catalog.setval('django_site_id_seq', 1, true);


--
-- Data for Name: djangocms_column_column; Type: TABLE DATA; Schema: public; Owner: postgres
--

COPY djangocms_column_column (cmsplugin_ptr_id, width) FROM stdin;
\.


--
-- Data for Name: djangocms_column_multicolumns; Type: TABLE DATA; Schema: public; Owner: postgres
--

COPY djangocms_column_multicolumns (cmsplugin_ptr_id) FROM stdin;
\.


--
-- Data for Name: djangocms_file_file; Type: TABLE DATA; Schema: public; Owner: postgres
--

COPY djangocms_file_file (cmsplugin_ptr_id, file, title) FROM stdin;
\.


--
-- Data for Name: djangocms_flash_flash; Type: TABLE DATA; Schema: public; Owner: postgres
--

COPY djangocms_flash_flash (cmsplugin_ptr_id, file, width, height) FROM stdin;
\.


--
-- Data for Name: djangocms_googlemap_googlemap; Type: TABLE DATA; Schema: public; Owner: postgres
--

COPY djangocms_googlemap_googlemap (cmsplugin_ptr_id, title, address, zipcode, city, content, zoom, lat, lng, route_planer_title, route_planer, width, height, info_window, scrollwheel, double_click_zoom, draggable, keyboard_shortcuts, pan_control, zoom_control, street_view_control) FROM stdin;
\.


--
-- Data for Name: djangocms_inherit_inheritpageplaceholder; Type: TABLE DATA; Schema: public; Owner: postgres
--

COPY djangocms_inherit_inheritpageplaceholder (cmsplugin_ptr_id, from_page_id, from_language) FROM stdin;
\.


--
-- Data for Name: djangocms_link_link; Type: TABLE DATA; Schema: public; Owner: postgres
--

COPY djangocms_link_link (cmsplugin_ptr_id, name, url, page_link_id, mailto, phone, target) FROM stdin;
\.


--
-- Data for Name: djangocms_picture_picture; Type: TABLE DATA; Schema: public; Owner: postgres
--

COPY djangocms_picture_picture (cmsplugin_ptr_id, image, url, page_link_id, alt, longdesc, "float") FROM stdin;
\.


--
-- Data for Name: djangocms_style_style; Type: TABLE DATA; Schema: public; Owner: postgres
--

COPY djangocms_style_style (cmsplugin_ptr_id, class_name, tag_type, padding_left, padding_right, padding_top, padding_bottom, margin_left, margin_right, margin_top, margin_bottom, additional_classes) FROM stdin;
\.


--
-- Data for Name: djangocms_teaser_teaser; Type: TABLE DATA; Schema: public; Owner: postgres
--

COPY djangocms_teaser_teaser (cmsplugin_ptr_id, title, image, page_link_id, url, description) FROM stdin;
\.


--
-- Data for Name: djangocms_text_ckeditor_text; Type: TABLE DATA; Schema: public; Owner: postgres
--

COPY djangocms_text_ckeditor_text (cmsplugin_ptr_id, body) FROM stdin;
2	<h1>Roofing</h1>\n\n<p>Zombie ipsum reversus ab viral inferno, nam rick grimes malum cerebro. De carne lumbering animata corpora quaeritis. Summus brains sit??, morbo vel maleficia? De apocalypsi gorger omero undead survivor dictum mauris. Hi mindless mortuis soulless creaturas, imo evil stalking monstra adventus resi dentevil vultus comedat cerebella viventium. Qui animated corpse, cricket bat max brucks terribilem incessu zomby. The voodoo sacerdos flesh eater, suscitat mortuos comedere carnem virus. Zonbi tattered for solum oculi eorum defunctis go lum cerebro. Nescio brains an Undead zombies. Sicut malus putrid voodoo horror. Nigh tofth eliv ingdead.</p>\n\n<p></p>\n
3	<h1>Exterior Painting</h1>\n\n<p>Com horribilem walking dead resurgere de crazed sepulcris creaturis, zombie sicut de grave feeding iride et serpens. Pestilentia, shaun ofthe dead scythe animated corpses ipsa screams. Pestilentia est plague haec decaying ambulabat mortuos. Sicut zeder apathetic malus voodoo. Aenean a dolor plan et terror soulless vulnerum contagium accedunt, mortui iam vivam unlife. Qui tardius moveri, brid eof reanimator sed in magna copia sint terribiles undeath legionis. Alii missing oculis aliorum sicut serpere crabs nostram. Putridi braindead odores kill and infect, aere implent left four dead.</p>\n\n<p></p>\n
4	<h1>Something Else...</h1>\n\n<p>Lucio fulci tremor est dark vivos magna. Expansis creepy arm yof darkness ulnis witchcraft missing carnem armis Kirkman Moore and Adlard caeruleum in locis. Romero morbo Congress amarus in auras. Nihil horum sagittis tincidunt, zombie slack-jawed gelida survival portenta. The unleashed virus est, et iam zombie mortui ambulabunt super terram. Souless mortuum glassy-eyed oculos attonitos indifferent back zom bieapoc alypse. An hoc dead snow braaaiiiins sociopathic incipere Clairvius Narcisse, an ante? Is bello mundi z</p>\n\n<p></p>\n
5	<h1>Welcome to DjangoCMS!</h1>\n\n<p>The easy-to-use and developer-friendly CMS.</p>\n
6	<h1>Welcome to DjangoCMS!</h1>\n\n<p>The easy-to-use and developer-friendly CMS.</p>\n
7	<h1>Roofing</h1>\n\n<p>Zombie ipsum reversus ab viral inferno, nam rick grimes malum cerebro. De carne lumbering animata corpora quaeritis. Summus brains sit??, morbo vel maleficia? De apocalypsi gorger omero undead survivor dictum mauris. Hi mindless mortuis soulless creaturas, imo evil stalking monstra adventus resi dentevil vultus comedat cerebella viventium. Qui animated corpse, cricket bat max brucks terribilem incessu zomby. The voodoo sacerdos flesh eater, suscitat mortuos comedere carnem virus. Zonbi tattered for solum oculi eorum defunctis go lum cerebro. Nescio brains an Undead zombies. Sicut malus putrid voodoo horror. Nigh tofth eliv ingdead.</p>\n\n<p></p>\n
8	<h1>Exterior Painting</h1>\n\n<p>Com horribilem walking dead resurgere de crazed sepulcris creaturis, zombie sicut de grave feeding iride et serpens. Pestilentia, shaun ofthe dead scythe animated corpses ipsa screams. Pestilentia est plague haec decaying ambulabat mortuos. Sicut zeder apathetic malus voodoo. Aenean a dolor plan et terror soulless vulnerum contagium accedunt, mortui iam vivam unlife. Qui tardius moveri, brid eof reanimator sed in magna copia sint terribiles undeath legionis. Alii missing oculis aliorum sicut serpere crabs nostram. Putridi braindead odores kill and infect, aere implent left four dead.</p>\n\n<p></p>\n
9	<h1>Something Else...</h1>\n\n<p>Lucio fulci tremor est dark vivos magna. Expansis creepy arm yof darkness ulnis witchcraft missing carnem armis Kirkman Moore and Adlard caeruleum in locis. Romero morbo Congress amarus in auras. Nihil horum sagittis tincidunt, zombie slack-jawed gelida survival portenta. The unleashed virus est, et iam zombie mortui ambulabunt super terram. Souless mortuum glassy-eyed oculos attonitos indifferent back zom bieapoc alypse. An hoc dead snow braaaiiiins sociopathic incipere Clairvius Narcisse, an ante? Is bello mundi z</p>\n\n<p></p>\n
\.


--
-- Data for Name: djangocms_video_video; Type: TABLE DATA; Schema: public; Owner: postgres
--

COPY djangocms_video_video (cmsplugin_ptr_id, movie, movie_url, image, width, height, auto_play, auto_hide, fullscreen, loop, bgcolor, textcolor, seekbarcolor, seekbarbgcolor, loadingbarcolor, buttonoutcolor, buttonovercolor, buttonhighlightcolor) FROM stdin;
\.


--
-- Data for Name: menus_cachekey; Type: TABLE DATA; Schema: public; Owner: postgres
--

COPY menus_cachekey (id, language, site, key) FROM stdin;
7	en	1	menu_cache_menu_nodes_en_1_1_user
8	en	1	menu_cache_menu_nodes_en_1
\.


--
-- Name: menus_cachekey_id_seq; Type: SEQUENCE SET; Schema: public; Owner: postgres
--

SELECT pg_catalog.setval('menus_cachekey_id_seq', 8, true);


--
-- Data for Name: metro_restoration_customcontact; Type: TABLE DATA; Schema: public; Owner: postgres
--

COPY metro_restoration_customcontact (cmsplugin_ptr_id, form_name, form_layout, site_email, thanks, submit, spam_protection_method, akismet_api_key, recaptcha_public_key, recaptcha_private_key, recaptcha_theme, custom_label) FROM stdin;
1	Request an Estimate	metro_restoration.forms.CustomContactForm	danielbonebrake@gmail.com	<p>Thanks!</p>\r\n	Submit	0				clean	Your custom value
10	Request an Estimate	metro_restoration.forms.CustomContactForm	danielbonebrake@gmail.com	<p>Thanks!</p>\r\n	Submit	0				clean	Your custom value
\.


--
-- Data for Name: reversion_revision; Type: TABLE DATA; Schema: public; Owner: postgres
--

COPY reversion_revision (id, manager_slug, date_created, user_id, comment) FROM stdin;
1	default	2014-05-13 11:36:36.127-05	1	Initial version.
2	default	2014-05-13 11:38:22.524-05	1	Template changed to Page with Feature
3	default	2014-05-13 11:38:52.415-05	1	Initial version.
4	default	2014-05-13 11:39:01.985-05	1	Custom Contact Form plugin added to content
5	default	2014-05-13 11:39:20.751-05	1	Custom Contact Form plugin edited at position 0 in content
6	default	2014-05-13 11:41:49.675-05	1	Text plugin added to content1
7	default	2014-05-13 11:42:10.96-05	1	Text plugin edited at position 0 in content1
8	default	2014-05-13 11:42:18.385-05	1	Text plugin added to content2
9	default	2014-05-13 11:42:58.369-05	1	Text plugin edited at position 0 in content2
10	default	2014-05-13 11:43:06.6-05	1	Text plugin added to content3
11	default	2014-05-13 11:43:23.952-05	1	Text plugin edited at position 0 in content3
12	default	2014-05-13 11:43:30.92-05	1	Text plugin added to feature
13	default	2014-05-13 11:44:47.08-05	1	Text plugin edited at position 0 in feature
14	default	2014-05-13 11:45:22.253-05	1	Publish
15	default	2014-05-13 11:46:26.108-05	1	Publish
\.


--
-- Name: reversion_revision_id_seq; Type: SEQUENCE SET; Schema: public; Owner: postgres
--

SELECT pg_catalog.setval('reversion_revision_id_seq', 15, true);


--
-- Data for Name: reversion_version; Type: TABLE DATA; Schema: public; Owner: postgres
--

COPY reversion_version (id, revision_id, object_id, object_id_int, content_type_id, format, serialized_data, object_repr) FROM stdin;
1	1	1	1	12	json	[{"pk": 1, "model": "cms.page", "fields": {"rght": 2, "navigation_extenders": null, "site": 1, "application_namespace": null, "lft": 1, "in_navigation": true, "reverse_id": null, "login_required": false, "created_by": "dbonebrake", "languages": "en", "publication_end_date": null, "template": "INHERIT", "tree_id": 1, "placeholders": [2], "changed_date": "2014-05-13T16:36:36.066Z", "limit_visibility_in_menu": null, "parent": null, "soft_root": false, "is_home": true, "publication_date": "2014-05-13T16:36:35.942Z", "creation_date": "2014-05-13T16:36:35.735Z", "level": 0, "changed_by": "dbonebrake", "application_urls": null, "xframe_options": 0, "revision_id": 0}}]	Home
2	1	2	2	10	json	[{"pk": 2, "model": "cms.placeholder", "fields": {"slot": "content", "default_width": null}}]	content
3	1	1	1	17	json	[{"pk": 1, "model": "cms.title", "fields": {"menu_title": "Home", "meta_description": "", "page_title": "", "language": "en", "title": "Metro Restoration", "has_url_overwrite": false, "redirect": null, "publisher_is_draft": true, "page": 1, "published": true, "path": "", "publisher_state": 0, "creation_date": "2014-05-13T16:36:35.895Z", "slug": "metro-restoration", "publisher_public": null}}]	Metro Restoration (metro-restoration, en)
4	2	1	1	12	json	[{"pk": 1, "model": "cms.page", "fields": {"rght": 2, "navigation_extenders": null, "site": 1, "application_namespace": null, "lft": 1, "in_navigation": true, "reverse_id": null, "login_required": false, "created_by": "dbonebrake", "languages": "en", "publication_end_date": null, "template": "feature.html", "tree_id": 1, "placeholders": [2, 4, 5, 6, 7], "changed_date": "2014-05-13T16:38:22.411Z", "limit_visibility_in_menu": null, "parent": null, "soft_root": false, "is_home": true, "publication_date": "2014-05-13T16:36:35.942Z", "creation_date": "2014-05-13T16:36:35.735Z", "level": 0, "changed_by": "dbonebrake", "application_urls": null, "xframe_options": 0, "revision_id": 0}}]	Home
5	2	2	2	10	json	[{"pk": 2, "model": "cms.placeholder", "fields": {"slot": "content", "default_width": null}}]	content
6	2	4	4	10	json	[{"pk": 4, "model": "cms.placeholder", "fields": {"slot": "feature", "default_width": null}}]	feature
7	2	5	5	10	json	[{"pk": 5, "model": "cms.placeholder", "fields": {"slot": "content1", "default_width": null}}]	content1
8	2	6	6	10	json	[{"pk": 6, "model": "cms.placeholder", "fields": {"slot": "content2", "default_width": null}}]	content2
9	2	7	7	10	json	[{"pk": 7, "model": "cms.placeholder", "fields": {"slot": "content3", "default_width": null}}]	content3
10	2	1	1	17	json	[{"pk": 1, "model": "cms.title", "fields": {"menu_title": "Home", "meta_description": "", "page_title": "", "language": "en", "title": "Metro Restoration", "has_url_overwrite": false, "redirect": null, "publisher_is_draft": true, "page": 1, "published": true, "path": "", "publisher_state": 1, "creation_date": "2014-05-13T16:36:35.895Z", "slug": "metro-restoration", "publisher_public": 2}}]	Metro Restoration (metro-restoration, en)
11	3	3	3	17	json	[{"pk": 3, "model": "cms.title", "fields": {"menu_title": "Contact", "meta_description": "", "page_title": "", "language": "en", "title": "Contact", "has_url_overwrite": false, "redirect": null, "publisher_is_draft": true, "page": 3, "published": false, "path": "contact", "publisher_state": 1, "creation_date": "2014-05-13T16:38:52.396Z", "slug": "contact", "publisher_public": null}}]	Contact (contact, en)
12	3	8	8	10	json	[{"pk": 8, "model": "cms.placeholder", "fields": {"slot": "content", "default_width": null}}]	content
13	3	3	3	12	json	[{"pk": 3, "model": "cms.page", "fields": {"rght": 2, "navigation_extenders": null, "site": 1, "application_namespace": null, "lft": 1, "in_navigation": true, "reverse_id": null, "login_required": false, "created_by": "dbonebrake", "languages": "en", "publication_end_date": null, "template": "INHERIT", "tree_id": 3, "placeholders": [8], "changed_date": "2014-05-13T16:38:52.397Z", "limit_visibility_in_menu": null, "parent": null, "soft_root": false, "is_home": false, "publication_date": null, "creation_date": "2014-05-13T16:38:52.351Z", "level": 0, "changed_by": "dbonebrake", "application_urls": null, "xframe_options": 0, "revision_id": 0}}]	Contact
14	4	8	8	10	json	[{"pk": 8, "model": "cms.placeholder", "fields": {"slot": "content", "default_width": null}}]	content
15	4	1	1	11	json	[{"pk": 1, "model": "cms.cmsplugin", "fields": {"rght": 2, "changed_date": "2014-05-13T16:39:01.953Z", "parent": null, "language": "en", "level": 0, "creation_date": "2014-05-13T16:39:01.949Z", "lft": 1, "tree_id": 1, "position": 0, "placeholder": 8, "plugin_type": "CustomContactPlugin"}}]	1
16	4	3	3	12	json	[{"pk": 3, "model": "cms.page", "fields": {"rght": 2, "navigation_extenders": null, "site": 1, "application_namespace": null, "lft": 1, "in_navigation": true, "reverse_id": null, "login_required": false, "created_by": "dbonebrake", "languages": "en", "publication_end_date": null, "template": "INHERIT", "tree_id": 3, "placeholders": [8], "changed_date": "2014-05-13T16:38:52.418Z", "limit_visibility_in_menu": null, "parent": null, "soft_root": false, "is_home": false, "publication_date": null, "creation_date": "2014-05-13T16:38:52.351Z", "level": 0, "changed_by": "dbonebrake", "application_urls": null, "xframe_options": 0, "revision_id": 0}}]	Contact
17	4	3	3	17	json	[{"pk": 3, "model": "cms.title", "fields": {"menu_title": "Contact", "meta_description": "", "page_title": "", "language": "en", "title": "Contact", "has_url_overwrite": false, "redirect": null, "publisher_is_draft": true, "page": 3, "published": false, "path": "contact", "publisher_state": 1, "creation_date": "2014-05-13T16:38:52.396Z", "slug": "contact", "publisher_public": null}}]	Contact (contact, en)
18	5	8	8	10	json	[{"pk": 8, "model": "cms.placeholder", "fields": {"slot": "content", "default_width": null}}]	content
19	5	1	1	36	json	[{"pk": 1, "model": "metro_restoration.customcontact", "fields": {"form_layout": "metro_restoration.forms.CustomContactForm", "recaptcha_theme": "clean", "site_email": "danielbonebrake@gmail.com", "spam_protection_method": 0, "submit": "Submit", "custom_label": "Your custom value", "thanks": "<p>Thanks!</p>\\r\\n", "form_name": "Request an Estimate", "akismet_api_key": "", "recaptcha_public_key": "", "recaptcha_private_key": ""}}]	danielbonebrake@gmail.com
20	5	3	3	12	json	[{"pk": 3, "model": "cms.page", "fields": {"rght": 2, "navigation_extenders": null, "site": 1, "application_namespace": null, "lft": 1, "in_navigation": true, "reverse_id": null, "login_required": false, "created_by": "dbonebrake", "languages": "en", "publication_end_date": null, "template": "INHERIT", "tree_id": 3, "placeholders": [8], "changed_date": "2014-05-13T16:39:01.989Z", "limit_visibility_in_menu": null, "parent": null, "soft_root": false, "is_home": false, "publication_date": null, "creation_date": "2014-05-13T16:38:52.351Z", "level": 0, "changed_by": "dbonebrake", "application_urls": null, "xframe_options": 0, "revision_id": 0}}]	Contact
45	8	6	6	10	json	[{"pk": 6, "model": "cms.placeholder", "fields": {"slot": "content2", "default_width": null}}]	content2
21	5	3	3	17	json	[{"pk": 3, "model": "cms.title", "fields": {"menu_title": "Contact", "meta_description": "", "page_title": "", "language": "en", "title": "Contact", "has_url_overwrite": false, "redirect": null, "publisher_is_draft": true, "page": 3, "published": false, "path": "contact", "publisher_state": 1, "creation_date": "2014-05-13T16:38:52.396Z", "slug": "contact", "publisher_public": null}}]	Contact (contact, en)
22	5	1	1	11	json	[{"pk": 1, "model": "cms.cmsplugin", "fields": {"rght": 2, "changed_date": "2014-05-13T16:39:20.700Z", "parent": null, "language": "en", "level": 0, "creation_date": "2014-05-13T16:39:01.949Z", "lft": 1, "tree_id": 1, "position": 0, "placeholder": 8, "plugin_type": "CustomContactPlugin"}}]	1
23	6	1	1	12	json	[{"pk": 1, "model": "cms.page", "fields": {"rght": 2, "navigation_extenders": null, "site": 1, "application_namespace": null, "lft": 1, "in_navigation": true, "reverse_id": null, "login_required": false, "created_by": "dbonebrake", "languages": "en", "publication_end_date": null, "template": "feature.html", "tree_id": 1, "placeholders": [2, 4, 5, 6, 7], "changed_date": "2014-05-13T16:38:52.379Z", "limit_visibility_in_menu": null, "parent": null, "soft_root": false, "is_home": true, "publication_date": "2014-05-13T16:36:35.942Z", "creation_date": "2014-05-13T16:36:35.735Z", "level": 0, "changed_by": "dbonebrake", "application_urls": null, "xframe_options": 0, "revision_id": 0}}]	Home
24	6	2	2	10	json	[{"pk": 2, "model": "cms.placeholder", "fields": {"slot": "content", "default_width": null}}]	content
25	6	4	4	10	json	[{"pk": 4, "model": "cms.placeholder", "fields": {"slot": "feature", "default_width": null}}]	feature
26	6	5	5	10	json	[{"pk": 5, "model": "cms.placeholder", "fields": {"slot": "content1", "default_width": null}}]	content1
27	6	6	6	10	json	[{"pk": 6, "model": "cms.placeholder", "fields": {"slot": "content2", "default_width": null}}]	content2
28	6	7	7	10	json	[{"pk": 7, "model": "cms.placeholder", "fields": {"slot": "content3", "default_width": null}}]	content3
29	6	2	2	11	json	[{"pk": 2, "model": "cms.cmsplugin", "fields": {"rght": 2, "changed_date": "2014-05-13T16:41:49.656Z", "parent": null, "language": "en", "level": 0, "creation_date": "2014-05-13T16:41:49.651Z", "lft": 1, "tree_id": 2, "position": 0, "placeholder": 5, "plugin_type": "TextPlugin"}}]	2
30	6	1	1	17	json	[{"pk": 1, "model": "cms.title", "fields": {"menu_title": "Home", "meta_description": "", "page_title": "", "language": "en", "title": "Metro Restoration", "has_url_overwrite": false, "redirect": null, "publisher_is_draft": true, "page": 1, "published": true, "path": "", "publisher_state": 1, "creation_date": "2014-05-13T16:36:35.895Z", "slug": "metro-restoration", "publisher_public": 2}}]	Metro Restoration (metro-restoration, en)
31	7	1	1	12	json	[{"pk": 1, "model": "cms.page", "fields": {"rght": 2, "navigation_extenders": null, "site": 1, "application_namespace": null, "lft": 1, "in_navigation": true, "reverse_id": null, "login_required": false, "created_by": "dbonebrake", "languages": "en", "publication_end_date": null, "template": "feature.html", "tree_id": 1, "placeholders": [2, 4, 5, 6, 7], "changed_date": "2014-05-13T16:41:49.679Z", "limit_visibility_in_menu": null, "parent": null, "soft_root": false, "is_home": true, "publication_date": "2014-05-13T16:36:35.942Z", "creation_date": "2014-05-13T16:36:35.735Z", "level": 0, "changed_by": "dbonebrake", "application_urls": null, "xframe_options": 0, "revision_id": 0}}]	Home
32	7	2	2	10	json	[{"pk": 2, "model": "cms.placeholder", "fields": {"slot": "content", "default_width": null}}]	content
33	7	4	4	10	json	[{"pk": 4, "model": "cms.placeholder", "fields": {"slot": "feature", "default_width": null}}]	feature
34	7	5	5	10	json	[{"pk": 5, "model": "cms.placeholder", "fields": {"slot": "content1", "default_width": null}}]	content1
35	7	6	6	10	json	[{"pk": 6, "model": "cms.placeholder", "fields": {"slot": "content2", "default_width": null}}]	content2
36	7	7	7	10	json	[{"pk": 7, "model": "cms.placeholder", "fields": {"slot": "content3", "default_width": null}}]	content3
37	7	2	2	1	json	[{"pk": 2, "model": "djangocms_text_ckeditor.text", "fields": {"body": "<h1>Roofing</h1>\\n\\n<p>Zombie ipsum reversus ab viral inferno, nam rick grimes malum cerebro. De carne lumbering animata corpora quaeritis. Summus brains sit??, morbo vel maleficia? De apocalypsi gorger omero undead survivor dictum mauris. Hi mindless mortuis soulless creaturas, imo evil stalking monstra adventus resi dentevil vultus comedat cerebella viventium. Qui animated corpse, cricket bat max brucks terribilem incessu zomby. The voodoo sacerdos flesh eater, suscitat mortuos comedere carnem virus. Zonbi tattered for solum oculi eorum defunctis go lum cerebro. Nescio brains an Undead zombies. Sicut malus putrid voodoo horror. Nigh tofth eliv ingdead.</p>\\n\\n<p>\\u00a0</p>\\n"}}]	Roofing Zombie ipsum...
38	7	2	2	11	json	[{"pk": 2, "model": "cms.cmsplugin", "fields": {"rght": 2, "changed_date": "2014-05-13T16:42:10.908Z", "parent": null, "language": "en", "level": 0, "creation_date": "2014-05-13T16:41:49.651Z", "lft": 1, "tree_id": 2, "position": 0, "placeholder": 5, "plugin_type": "TextPlugin"}}]	2
39	7	1	1	17	json	[{"pk": 1, "model": "cms.title", "fields": {"menu_title": "Home", "meta_description": "", "page_title": "", "language": "en", "title": "Metro Restoration", "has_url_overwrite": false, "redirect": null, "publisher_is_draft": true, "page": 1, "published": true, "path": "", "publisher_state": 1, "creation_date": "2014-05-13T16:36:35.895Z", "slug": "metro-restoration", "publisher_public": 2}}]	Metro Restoration (metro-restoration, en)
40	8	1	1	12	json	[{"pk": 1, "model": "cms.page", "fields": {"rght": 2, "navigation_extenders": null, "site": 1, "application_namespace": null, "lft": 1, "in_navigation": true, "reverse_id": null, "login_required": false, "created_by": "dbonebrake", "languages": "en", "publication_end_date": null, "template": "feature.html", "tree_id": 1, "placeholders": [2, 4, 5, 6, 7], "changed_date": "2014-05-13T16:42:10.965Z", "limit_visibility_in_menu": null, "parent": null, "soft_root": false, "is_home": true, "publication_date": "2014-05-13T16:36:35.942Z", "creation_date": "2014-05-13T16:36:35.735Z", "level": 0, "changed_by": "dbonebrake", "application_urls": null, "xframe_options": 0, "revision_id": 0}}]	Home
41	8	2	2	10	json	[{"pk": 2, "model": "cms.placeholder", "fields": {"slot": "content", "default_width": null}}]	content
42	8	3	3	11	json	[{"pk": 3, "model": "cms.cmsplugin", "fields": {"rght": 2, "changed_date": "2014-05-13T16:42:18.364Z", "parent": null, "language": "en", "level": 0, "creation_date": "2014-05-13T16:42:18.359Z", "lft": 1, "tree_id": 3, "position": 0, "placeholder": 6, "plugin_type": "TextPlugin"}}]	3
43	8	4	4	10	json	[{"pk": 4, "model": "cms.placeholder", "fields": {"slot": "feature", "default_width": null}}]	feature
44	8	5	5	10	json	[{"pk": 5, "model": "cms.placeholder", "fields": {"slot": "content1", "default_width": null}}]	content1
46	8	7	7	10	json	[{"pk": 7, "model": "cms.placeholder", "fields": {"slot": "content3", "default_width": null}}]	content3
47	8	2	2	1	json	[{"pk": 2, "model": "djangocms_text_ckeditor.text", "fields": {"body": "<h1>Roofing</h1>\\n\\n<p>Zombie ipsum reversus ab viral inferno, nam rick grimes malum cerebro. De carne lumbering animata corpora quaeritis. Summus brains sit??, morbo vel maleficia? De apocalypsi gorger omero undead survivor dictum mauris. Hi mindless mortuis soulless creaturas, imo evil stalking monstra adventus resi dentevil vultus comedat cerebella viventium. Qui animated corpse, cricket bat max brucks terribilem incessu zomby. The voodoo sacerdos flesh eater, suscitat mortuos comedere carnem virus. Zonbi tattered for solum oculi eorum defunctis go lum cerebro. Nescio brains an Undead zombies. Sicut malus putrid voodoo horror. Nigh tofth eliv ingdead.</p>\\n\\n<p>\\u00a0</p>\\n"}}]	Roofing Zombie ipsum...
48	8	2	2	11	json	[{"pk": 2, "model": "cms.cmsplugin", "fields": {"rght": 2, "changed_date": "2014-05-13T16:42:10.908Z", "parent": null, "language": "en", "level": 0, "creation_date": "2014-05-13T16:41:49.651Z", "lft": 1, "tree_id": 2, "position": 0, "placeholder": 5, "plugin_type": "TextPlugin"}}]	2
49	8	1	1	17	json	[{"pk": 1, "model": "cms.title", "fields": {"menu_title": "Home", "meta_description": "", "page_title": "", "language": "en", "title": "Metro Restoration", "has_url_overwrite": false, "redirect": null, "publisher_is_draft": true, "page": 1, "published": true, "path": "", "publisher_state": 1, "creation_date": "2014-05-13T16:36:35.895Z", "slug": "metro-restoration", "publisher_public": 2}}]	Metro Restoration (metro-restoration, en)
50	9	1	1	12	json	[{"pk": 1, "model": "cms.page", "fields": {"rght": 2, "navigation_extenders": null, "site": 1, "application_namespace": null, "lft": 1, "in_navigation": true, "reverse_id": null, "login_required": false, "created_by": "dbonebrake", "languages": "en", "publication_end_date": null, "template": "feature.html", "tree_id": 1, "placeholders": [2, 4, 5, 6, 7], "changed_date": "2014-05-13T16:42:18.389Z", "limit_visibility_in_menu": null, "parent": null, "soft_root": false, "is_home": true, "publication_date": "2014-05-13T16:36:35.942Z", "creation_date": "2014-05-13T16:36:35.735Z", "level": 0, "changed_by": "dbonebrake", "application_urls": null, "xframe_options": 0, "revision_id": 0}}]	Home
51	9	2	2	10	json	[{"pk": 2, "model": "cms.placeholder", "fields": {"slot": "content", "default_width": null}}]	content
52	9	3	3	1	json	[{"pk": 3, "model": "djangocms_text_ckeditor.text", "fields": {"body": "<h1>Exterior Painting</h1>\\n\\n<p>Com horribilem walking dead resurgere de crazed sepulcris creaturis, zombie sicut de grave feeding iride et serpens. Pestilentia, shaun ofthe dead scythe animated corpses ipsa screams. Pestilentia est plague haec decaying ambulabat mortuos. Sicut zeder apathetic malus voodoo. Aenean a dolor plan et terror soulless vulnerum contagium accedunt, mortui iam vivam unlife. Qui tardius moveri, brid eof reanimator sed in magna copia sint terribiles undeath legionis. Alii missing oculis aliorum sicut serpere crabs nostram. Putridi braindead odores kill and infect, aere implent left four dead.</p>\\n\\n<p>\\u00a0</p>\\n"}}]	Exterior Painting Com...
53	9	4	4	10	json	[{"pk": 4, "model": "cms.placeholder", "fields": {"slot": "feature", "default_width": null}}]	feature
54	9	5	5	10	json	[{"pk": 5, "model": "cms.placeholder", "fields": {"slot": "content1", "default_width": null}}]	content1
55	9	6	6	10	json	[{"pk": 6, "model": "cms.placeholder", "fields": {"slot": "content2", "default_width": null}}]	content2
56	9	7	7	10	json	[{"pk": 7, "model": "cms.placeholder", "fields": {"slot": "content3", "default_width": null}}]	content3
57	9	2	2	1	json	[{"pk": 2, "model": "djangocms_text_ckeditor.text", "fields": {"body": "<h1>Roofing</h1>\\n\\n<p>Zombie ipsum reversus ab viral inferno, nam rick grimes malum cerebro. De carne lumbering animata corpora quaeritis. Summus brains sit??, morbo vel maleficia? De apocalypsi gorger omero undead survivor dictum mauris. Hi mindless mortuis soulless creaturas, imo evil stalking monstra adventus resi dentevil vultus comedat cerebella viventium. Qui animated corpse, cricket bat max brucks terribilem incessu zomby. The voodoo sacerdos flesh eater, suscitat mortuos comedere carnem virus. Zonbi tattered for solum oculi eorum defunctis go lum cerebro. Nescio brains an Undead zombies. Sicut malus putrid voodoo horror. Nigh tofth eliv ingdead.</p>\\n\\n<p>\\u00a0</p>\\n"}}]	Roofing Zombie ipsum...
58	9	2	2	11	json	[{"pk": 2, "model": "cms.cmsplugin", "fields": {"rght": 2, "changed_date": "2014-05-13T16:42:10.908Z", "parent": null, "language": "en", "level": 0, "creation_date": "2014-05-13T16:41:49.651Z", "lft": 1, "tree_id": 2, "position": 0, "placeholder": 5, "plugin_type": "TextPlugin"}}]	2
59	9	3	3	11	json	[{"pk": 3, "model": "cms.cmsplugin", "fields": {"rght": 2, "changed_date": "2014-05-13T16:42:58.318Z", "parent": null, "language": "en", "level": 0, "creation_date": "2014-05-13T16:42:18.359Z", "lft": 1, "tree_id": 3, "position": 0, "placeholder": 6, "plugin_type": "TextPlugin"}}]	3
60	9	1	1	17	json	[{"pk": 1, "model": "cms.title", "fields": {"menu_title": "Home", "meta_description": "", "page_title": "", "language": "en", "title": "Metro Restoration", "has_url_overwrite": false, "redirect": null, "publisher_is_draft": true, "page": 1, "published": true, "path": "", "publisher_state": 1, "creation_date": "2014-05-13T16:36:35.895Z", "slug": "metro-restoration", "publisher_public": 2}}]	Metro Restoration (metro-restoration, en)
61	10	1	1	12	json	[{"pk": 1, "model": "cms.page", "fields": {"rght": 2, "navigation_extenders": null, "site": 1, "application_namespace": null, "lft": 1, "in_navigation": true, "reverse_id": null, "login_required": false, "created_by": "dbonebrake", "languages": "en", "publication_end_date": null, "template": "feature.html", "tree_id": 1, "placeholders": [2, 4, 5, 6, 7], "changed_date": "2014-05-13T16:42:58.373Z", "limit_visibility_in_menu": null, "parent": null, "soft_root": false, "is_home": true, "publication_date": "2014-05-13T16:36:35.942Z", "creation_date": "2014-05-13T16:36:35.735Z", "level": 0, "changed_by": "dbonebrake", "application_urls": null, "xframe_options": 0, "revision_id": 0}}]	Home
62	10	2	2	10	json	[{"pk": 2, "model": "cms.placeholder", "fields": {"slot": "content", "default_width": null}}]	content
63	10	3	3	1	json	[{"pk": 3, "model": "djangocms_text_ckeditor.text", "fields": {"body": "<h1>Exterior Painting</h1>\\n\\n<p>Com horribilem walking dead resurgere de crazed sepulcris creaturis, zombie sicut de grave feeding iride et serpens. Pestilentia, shaun ofthe dead scythe animated corpses ipsa screams. Pestilentia est plague haec decaying ambulabat mortuos. Sicut zeder apathetic malus voodoo. Aenean a dolor plan et terror soulless vulnerum contagium accedunt, mortui iam vivam unlife. Qui tardius moveri, brid eof reanimator sed in magna copia sint terribiles undeath legionis. Alii missing oculis aliorum sicut serpere crabs nostram. Putridi braindead odores kill and infect, aere implent left four dead.</p>\\n\\n<p>\\u00a0</p>\\n"}}]	Exterior Painting Com...
64	10	4	4	10	json	[{"pk": 4, "model": "cms.placeholder", "fields": {"slot": "feature", "default_width": null}}]	feature
65	10	5	5	10	json	[{"pk": 5, "model": "cms.placeholder", "fields": {"slot": "content1", "default_width": null}}]	content1
66	10	6	6	10	json	[{"pk": 6, "model": "cms.placeholder", "fields": {"slot": "content2", "default_width": null}}]	content2
67	10	7	7	10	json	[{"pk": 7, "model": "cms.placeholder", "fields": {"slot": "content3", "default_width": null}}]	content3
68	10	2	2	1	json	[{"pk": 2, "model": "djangocms_text_ckeditor.text", "fields": {"body": "<h1>Roofing</h1>\\n\\n<p>Zombie ipsum reversus ab viral inferno, nam rick grimes malum cerebro. De carne lumbering animata corpora quaeritis. Summus brains sit??, morbo vel maleficia? De apocalypsi gorger omero undead survivor dictum mauris. Hi mindless mortuis soulless creaturas, imo evil stalking monstra adventus resi dentevil vultus comedat cerebella viventium. Qui animated corpse, cricket bat max brucks terribilem incessu zomby. The voodoo sacerdos flesh eater, suscitat mortuos comedere carnem virus. Zonbi tattered for solum oculi eorum defunctis go lum cerebro. Nescio brains an Undead zombies. Sicut malus putrid voodoo horror. Nigh tofth eliv ingdead.</p>\\n\\n<p>\\u00a0</p>\\n"}}]	Roofing Zombie ipsum...
69	10	2	2	11	json	[{"pk": 2, "model": "cms.cmsplugin", "fields": {"rght": 2, "changed_date": "2014-05-13T16:42:10.908Z", "parent": null, "language": "en", "level": 0, "creation_date": "2014-05-13T16:41:49.651Z", "lft": 1, "tree_id": 2, "position": 0, "placeholder": 5, "plugin_type": "TextPlugin"}}]	2
70	10	3	3	11	json	[{"pk": 3, "model": "cms.cmsplugin", "fields": {"rght": 2, "changed_date": "2014-05-13T16:42:58.318Z", "parent": null, "language": "en", "level": 0, "creation_date": "2014-05-13T16:42:18.359Z", "lft": 1, "tree_id": 3, "position": 0, "placeholder": 6, "plugin_type": "TextPlugin"}}]	3
71	10	1	1	17	json	[{"pk": 1, "model": "cms.title", "fields": {"menu_title": "Home", "meta_description": "", "page_title": "", "language": "en", "title": "Metro Restoration", "has_url_overwrite": false, "redirect": null, "publisher_is_draft": true, "page": 1, "published": true, "path": "", "publisher_state": 1, "creation_date": "2014-05-13T16:36:35.895Z", "slug": "metro-restoration", "publisher_public": 2}}]	Metro Restoration (metro-restoration, en)
72	10	4	4	11	json	[{"pk": 4, "model": "cms.cmsplugin", "fields": {"rght": 2, "changed_date": "2014-05-13T16:43:06.565Z", "parent": null, "language": "en", "level": 0, "creation_date": "2014-05-13T16:43:06.560Z", "lft": 1, "tree_id": 4, "position": 0, "placeholder": 7, "plugin_type": "TextPlugin"}}]	4
73	11	1	1	12	json	[{"pk": 1, "model": "cms.page", "fields": {"rght": 2, "navigation_extenders": null, "site": 1, "application_namespace": null, "lft": 1, "in_navigation": true, "reverse_id": null, "login_required": false, "created_by": "dbonebrake", "languages": "en", "publication_end_date": null, "template": "feature.html", "tree_id": 1, "placeholders": [2, 4, 5, 6, 7], "changed_date": "2014-05-13T16:43:06.604Z", "limit_visibility_in_menu": null, "parent": null, "soft_root": false, "is_home": true, "publication_date": "2014-05-13T16:36:35.942Z", "creation_date": "2014-05-13T16:36:35.735Z", "level": 0, "changed_by": "dbonebrake", "application_urls": null, "xframe_options": 0, "revision_id": 0}}]	Home
74	11	2	2	10	json	[{"pk": 2, "model": "cms.placeholder", "fields": {"slot": "content", "default_width": null}}]	content
75	11	3	3	1	json	[{"pk": 3, "model": "djangocms_text_ckeditor.text", "fields": {"body": "<h1>Exterior Painting</h1>\\n\\n<p>Com horribilem walking dead resurgere de crazed sepulcris creaturis, zombie sicut de grave feeding iride et serpens. Pestilentia, shaun ofthe dead scythe animated corpses ipsa screams. Pestilentia est plague haec decaying ambulabat mortuos. Sicut zeder apathetic malus voodoo. Aenean a dolor plan et terror soulless vulnerum contagium accedunt, mortui iam vivam unlife. Qui tardius moveri, brid eof reanimator sed in magna copia sint terribiles undeath legionis. Alii missing oculis aliorum sicut serpere crabs nostram. Putridi braindead odores kill and infect, aere implent left four dead.</p>\\n\\n<p>\\u00a0</p>\\n"}}]	Exterior Painting Com...
76	11	4	4	10	json	[{"pk": 4, "model": "cms.placeholder", "fields": {"slot": "feature", "default_width": null}}]	feature
77	11	5	5	10	json	[{"pk": 5, "model": "cms.placeholder", "fields": {"slot": "content1", "default_width": null}}]	content1
78	11	6	6	10	json	[{"pk": 6, "model": "cms.placeholder", "fields": {"slot": "content2", "default_width": null}}]	content2
79	11	7	7	10	json	[{"pk": 7, "model": "cms.placeholder", "fields": {"slot": "content3", "default_width": null}}]	content3
80	11	2	2	1	json	[{"pk": 2, "model": "djangocms_text_ckeditor.text", "fields": {"body": "<h1>Roofing</h1>\\n\\n<p>Zombie ipsum reversus ab viral inferno, nam rick grimes malum cerebro. De carne lumbering animata corpora quaeritis. Summus brains sit??, morbo vel maleficia? De apocalypsi gorger omero undead survivor dictum mauris. Hi mindless mortuis soulless creaturas, imo evil stalking monstra adventus resi dentevil vultus comedat cerebella viventium. Qui animated corpse, cricket bat max brucks terribilem incessu zomby. The voodoo sacerdos flesh eater, suscitat mortuos comedere carnem virus. Zonbi tattered for solum oculi eorum defunctis go lum cerebro. Nescio brains an Undead zombies. Sicut malus putrid voodoo horror. Nigh tofth eliv ingdead.</p>\\n\\n<p>\\u00a0</p>\\n"}}]	Roofing Zombie ipsum...
81	11	2	2	11	json	[{"pk": 2, "model": "cms.cmsplugin", "fields": {"rght": 2, "changed_date": "2014-05-13T16:42:10.908Z", "parent": null, "language": "en", "level": 0, "creation_date": "2014-05-13T16:41:49.651Z", "lft": 1, "tree_id": 2, "position": 0, "placeholder": 5, "plugin_type": "TextPlugin"}}]	2
82	11	3	3	11	json	[{"pk": 3, "model": "cms.cmsplugin", "fields": {"rght": 2, "changed_date": "2014-05-13T16:42:58.318Z", "parent": null, "language": "en", "level": 0, "creation_date": "2014-05-13T16:42:18.359Z", "lft": 1, "tree_id": 3, "position": 0, "placeholder": 6, "plugin_type": "TextPlugin"}}]	3
83	11	1	1	17	json	[{"pk": 1, "model": "cms.title", "fields": {"menu_title": "Home", "meta_description": "", "page_title": "", "language": "en", "title": "Metro Restoration", "has_url_overwrite": false, "redirect": null, "publisher_is_draft": true, "page": 1, "published": true, "path": "", "publisher_state": 1, "creation_date": "2014-05-13T16:36:35.895Z", "slug": "metro-restoration", "publisher_public": 2}}]	Metro Restoration (metro-restoration, en)
84	11	4	4	1	json	[{"pk": 4, "model": "djangocms_text_ckeditor.text", "fields": {"body": "<h1>Something Else...</h1>\\n\\n<p>Lucio fulci tremor est dark vivos magna. Expansis creepy arm yof darkness ulnis witchcraft missing carnem armis Kirkman Moore and Adlard caeruleum in locis. Romero morbo Congress amarus in auras. Nihil horum sagittis tincidunt, zombie slack-jawed gelida survival portenta. The unleashed virus est, et iam zombie mortui ambulabunt super terram. Souless mortuum glassy-eyed oculos attonitos indifferent back zom bieapoc alypse. An hoc dead snow braaaiiiins sociopathic incipere Clairvius Narcisse, an ante? Is bello mundi z</p>\\n\\n<p>\\u00a0</p>\\n"}}]	Something Else... Lucio...
85	11	4	4	11	json	[{"pk": 4, "model": "cms.cmsplugin", "fields": {"rght": 2, "changed_date": "2014-05-13T16:43:23.891Z", "parent": null, "language": "en", "level": 0, "creation_date": "2014-05-13T16:43:06.560Z", "lft": 1, "tree_id": 4, "position": 0, "placeholder": 7, "plugin_type": "TextPlugin"}}]	4
86	12	1	1	12	json	[{"pk": 1, "model": "cms.page", "fields": {"rght": 2, "navigation_extenders": null, "site": 1, "application_namespace": null, "lft": 1, "in_navigation": true, "reverse_id": null, "login_required": false, "created_by": "dbonebrake", "languages": "en", "publication_end_date": null, "template": "feature.html", "tree_id": 1, "placeholders": [2, 4, 5, 6, 7], "changed_date": "2014-05-13T16:43:23.957Z", "limit_visibility_in_menu": null, "parent": null, "soft_root": false, "is_home": true, "publication_date": "2014-05-13T16:36:35.942Z", "creation_date": "2014-05-13T16:36:35.735Z", "level": 0, "changed_by": "dbonebrake", "application_urls": null, "xframe_options": 0, "revision_id": 0}}]	Home
87	12	2	2	10	json	[{"pk": 2, "model": "cms.placeholder", "fields": {"slot": "content", "default_width": null}}]	content
88	12	3	3	1	json	[{"pk": 3, "model": "djangocms_text_ckeditor.text", "fields": {"body": "<h1>Exterior Painting</h1>\\n\\n<p>Com horribilem walking dead resurgere de crazed sepulcris creaturis, zombie sicut de grave feeding iride et serpens. Pestilentia, shaun ofthe dead scythe animated corpses ipsa screams. Pestilentia est plague haec decaying ambulabat mortuos. Sicut zeder apathetic malus voodoo. Aenean a dolor plan et terror soulless vulnerum contagium accedunt, mortui iam vivam unlife. Qui tardius moveri, brid eof reanimator sed in magna copia sint terribiles undeath legionis. Alii missing oculis aliorum sicut serpere crabs nostram. Putridi braindead odores kill and infect, aere implent left four dead.</p>\\n\\n<p>\\u00a0</p>\\n"}}]	Exterior Painting Com...
89	12	4	4	10	json	[{"pk": 4, "model": "cms.placeholder", "fields": {"slot": "feature", "default_width": null}}]	feature
90	12	5	5	10	json	[{"pk": 5, "model": "cms.placeholder", "fields": {"slot": "content1", "default_width": null}}]	content1
91	12	6	6	10	json	[{"pk": 6, "model": "cms.placeholder", "fields": {"slot": "content2", "default_width": null}}]	content2
92	12	7	7	10	json	[{"pk": 7, "model": "cms.placeholder", "fields": {"slot": "content3", "default_width": null}}]	content3
93	12	2	2	1	json	[{"pk": 2, "model": "djangocms_text_ckeditor.text", "fields": {"body": "<h1>Roofing</h1>\\n\\n<p>Zombie ipsum reversus ab viral inferno, nam rick grimes malum cerebro. De carne lumbering animata corpora quaeritis. Summus brains sit??, morbo vel maleficia? De apocalypsi gorger omero undead survivor dictum mauris. Hi mindless mortuis soulless creaturas, imo evil stalking monstra adventus resi dentevil vultus comedat cerebella viventium. Qui animated corpse, cricket bat max brucks terribilem incessu zomby. The voodoo sacerdos flesh eater, suscitat mortuos comedere carnem virus. Zonbi tattered for solum oculi eorum defunctis go lum cerebro. Nescio brains an Undead zombies. Sicut malus putrid voodoo horror. Nigh tofth eliv ingdead.</p>\\n\\n<p>\\u00a0</p>\\n"}}]	Roofing Zombie ipsum...
94	12	2	2	11	json	[{"pk": 2, "model": "cms.cmsplugin", "fields": {"rght": 2, "changed_date": "2014-05-13T16:42:10.908Z", "parent": null, "language": "en", "level": 0, "creation_date": "2014-05-13T16:41:49.651Z", "lft": 1, "tree_id": 2, "position": 0, "placeholder": 5, "plugin_type": "TextPlugin"}}]	2
95	12	3	3	11	json	[{"pk": 3, "model": "cms.cmsplugin", "fields": {"rght": 2, "changed_date": "2014-05-13T16:42:58.318Z", "parent": null, "language": "en", "level": 0, "creation_date": "2014-05-13T16:42:18.359Z", "lft": 1, "tree_id": 3, "position": 0, "placeholder": 6, "plugin_type": "TextPlugin"}}]	3
96	12	1	1	17	json	[{"pk": 1, "model": "cms.title", "fields": {"menu_title": "Home", "meta_description": "", "page_title": "", "language": "en", "title": "Metro Restoration", "has_url_overwrite": false, "redirect": null, "publisher_is_draft": true, "page": 1, "published": true, "path": "", "publisher_state": 1, "creation_date": "2014-05-13T16:36:35.895Z", "slug": "metro-restoration", "publisher_public": 2}}]	Metro Restoration (metro-restoration, en)
97	12	4	4	1	json	[{"pk": 4, "model": "djangocms_text_ckeditor.text", "fields": {"body": "<h1>Something Else...</h1>\\n\\n<p>Lucio fulci tremor est dark vivos magna. Expansis creepy arm yof darkness ulnis witchcraft missing carnem armis Kirkman Moore and Adlard caeruleum in locis. Romero morbo Congress amarus in auras. Nihil horum sagittis tincidunt, zombie slack-jawed gelida survival portenta. The unleashed virus est, et iam zombie mortui ambulabunt super terram. Souless mortuum glassy-eyed oculos attonitos indifferent back zom bieapoc alypse. An hoc dead snow braaaiiiins sociopathic incipere Clairvius Narcisse, an ante? Is bello mundi z</p>\\n\\n<p>\\u00a0</p>\\n"}}]	Something Else... Lucio...
98	12	4	4	11	json	[{"pk": 4, "model": "cms.cmsplugin", "fields": {"rght": 2, "changed_date": "2014-05-13T16:43:23.891Z", "parent": null, "language": "en", "level": 0, "creation_date": "2014-05-13T16:43:06.560Z", "lft": 1, "tree_id": 4, "position": 0, "placeholder": 7, "plugin_type": "TextPlugin"}}]	4
99	12	5	5	11	json	[{"pk": 5, "model": "cms.cmsplugin", "fields": {"rght": 2, "changed_date": "2014-05-13T16:43:30.895Z", "parent": null, "language": "en", "level": 0, "creation_date": "2014-05-13T16:43:30.888Z", "lft": 1, "tree_id": 5, "position": 0, "placeholder": 4, "plugin_type": "TextPlugin"}}]	5
100	13	1	1	12	json	[{"pk": 1, "model": "cms.page", "fields": {"rght": 2, "navigation_extenders": null, "site": 1, "application_namespace": null, "lft": 1, "in_navigation": true, "reverse_id": null, "login_required": false, "created_by": "dbonebrake", "languages": "en", "publication_end_date": null, "template": "feature.html", "tree_id": 1, "placeholders": [2, 4, 5, 6, 7], "changed_date": "2014-05-13T16:43:30.924Z", "limit_visibility_in_menu": null, "parent": null, "soft_root": false, "is_home": true, "publication_date": "2014-05-13T16:36:35.942Z", "creation_date": "2014-05-13T16:36:35.735Z", "level": 0, "changed_by": "dbonebrake", "application_urls": null, "xframe_options": 0, "revision_id": 0}}]	Home
101	13	2	2	10	json	[{"pk": 2, "model": "cms.placeholder", "fields": {"slot": "content", "default_width": null}}]	content
102	13	3	3	1	json	[{"pk": 3, "model": "djangocms_text_ckeditor.text", "fields": {"body": "<h1>Exterior Painting</h1>\\n\\n<p>Com horribilem walking dead resurgere de crazed sepulcris creaturis, zombie sicut de grave feeding iride et serpens. Pestilentia, shaun ofthe dead scythe animated corpses ipsa screams. Pestilentia est plague haec decaying ambulabat mortuos. Sicut zeder apathetic malus voodoo. Aenean a dolor plan et terror soulless vulnerum contagium accedunt, mortui iam vivam unlife. Qui tardius moveri, brid eof reanimator sed in magna copia sint terribiles undeath legionis. Alii missing oculis aliorum sicut serpere crabs nostram. Putridi braindead odores kill and infect, aere implent left four dead.</p>\\n\\n<p>\\u00a0</p>\\n"}}]	Exterior Painting Com...
103	13	4	4	10	json	[{"pk": 4, "model": "cms.placeholder", "fields": {"slot": "feature", "default_width": null}}]	feature
104	13	5	5	10	json	[{"pk": 5, "model": "cms.placeholder", "fields": {"slot": "content1", "default_width": null}}]	content1
105	13	6	6	10	json	[{"pk": 6, "model": "cms.placeholder", "fields": {"slot": "content2", "default_width": null}}]	content2
106	13	7	7	10	json	[{"pk": 7, "model": "cms.placeholder", "fields": {"slot": "content3", "default_width": null}}]	content3
107	13	2	2	1	json	[{"pk": 2, "model": "djangocms_text_ckeditor.text", "fields": {"body": "<h1>Roofing</h1>\\n\\n<p>Zombie ipsum reversus ab viral inferno, nam rick grimes malum cerebro. De carne lumbering animata corpora quaeritis. Summus brains sit??, morbo vel maleficia? De apocalypsi gorger omero undead survivor dictum mauris. Hi mindless mortuis soulless creaturas, imo evil stalking monstra adventus resi dentevil vultus comedat cerebella viventium. Qui animated corpse, cricket bat max brucks terribilem incessu zomby. The voodoo sacerdos flesh eater, suscitat mortuos comedere carnem virus. Zonbi tattered for solum oculi eorum defunctis go lum cerebro. Nescio brains an Undead zombies. Sicut malus putrid voodoo horror. Nigh tofth eliv ingdead.</p>\\n\\n<p>\\u00a0</p>\\n"}}]	Roofing Zombie ipsum...
108	13	2	2	11	json	[{"pk": 2, "model": "cms.cmsplugin", "fields": {"rght": 2, "changed_date": "2014-05-13T16:42:10.908Z", "parent": null, "language": "en", "level": 0, "creation_date": "2014-05-13T16:41:49.651Z", "lft": 1, "tree_id": 2, "position": 0, "placeholder": 5, "plugin_type": "TextPlugin"}}]	2
109	13	3	3	11	json	[{"pk": 3, "model": "cms.cmsplugin", "fields": {"rght": 2, "changed_date": "2014-05-13T16:42:58.318Z", "parent": null, "language": "en", "level": 0, "creation_date": "2014-05-13T16:42:18.359Z", "lft": 1, "tree_id": 3, "position": 0, "placeholder": 6, "plugin_type": "TextPlugin"}}]	3
110	13	1	1	17	json	[{"pk": 1, "model": "cms.title", "fields": {"menu_title": "Home", "meta_description": "", "page_title": "", "language": "en", "title": "Metro Restoration", "has_url_overwrite": false, "redirect": null, "publisher_is_draft": true, "page": 1, "published": true, "path": "", "publisher_state": 1, "creation_date": "2014-05-13T16:36:35.895Z", "slug": "metro-restoration", "publisher_public": 2}}]	Metro Restoration (metro-restoration, en)
111	13	4	4	1	json	[{"pk": 4, "model": "djangocms_text_ckeditor.text", "fields": {"body": "<h1>Something Else...</h1>\\n\\n<p>Lucio fulci tremor est dark vivos magna. Expansis creepy arm yof darkness ulnis witchcraft missing carnem armis Kirkman Moore and Adlard caeruleum in locis. Romero morbo Congress amarus in auras. Nihil horum sagittis tincidunt, zombie slack-jawed gelida survival portenta. The unleashed virus est, et iam zombie mortui ambulabunt super terram. Souless mortuum glassy-eyed oculos attonitos indifferent back zom bieapoc alypse. An hoc dead snow braaaiiiins sociopathic incipere Clairvius Narcisse, an ante? Is bello mundi z</p>\\n\\n<p>\\u00a0</p>\\n"}}]	Something Else... Lucio...
112	13	5	5	1	json	[{"pk": 5, "model": "djangocms_text_ckeditor.text", "fields": {"body": "<h1>Welcome to DjangoCMS!</h1>\\n\\n<p>The easy-to-use and developer-friendly CMS.</p>\\n"}}]	Welcome to DjangoCMS!...
113	13	4	4	11	json	[{"pk": 4, "model": "cms.cmsplugin", "fields": {"rght": 2, "changed_date": "2014-05-13T16:43:23.891Z", "parent": null, "language": "en", "level": 0, "creation_date": "2014-05-13T16:43:06.560Z", "lft": 1, "tree_id": 4, "position": 0, "placeholder": 7, "plugin_type": "TextPlugin"}}]	4
114	13	5	5	11	json	[{"pk": 5, "model": "cms.cmsplugin", "fields": {"rght": 2, "changed_date": "2014-05-13T16:44:47.026Z", "parent": null, "language": "en", "level": 0, "creation_date": "2014-05-13T16:43:30.888Z", "lft": 1, "tree_id": 5, "position": 0, "placeholder": 4, "plugin_type": "TextPlugin"}}]	5
115	14	1	1	12	json	[{"pk": 1, "model": "cms.page", "fields": {"rght": 2, "navigation_extenders": null, "site": 1, "application_namespace": null, "lft": 1, "in_navigation": true, "reverse_id": null, "login_required": false, "created_by": "dbonebrake", "languages": "en", "publication_end_date": null, "template": "feature.html", "tree_id": 1, "placeholders": [2, 4, 5, 6, 7], "changed_date": "2014-05-13T16:45:22.188Z", "limit_visibility_in_menu": null, "parent": null, "soft_root": false, "is_home": true, "publication_date": "2014-05-13T16:36:35.942Z", "creation_date": "2014-05-13T16:36:35.735Z", "level": 0, "changed_by": "dbonebrake", "application_urls": null, "xframe_options": 0, "revision_id": 0}}]	Home
116	14	2	2	10	json	[{"pk": 2, "model": "cms.placeholder", "fields": {"slot": "content", "default_width": null}}]	content
117	14	3	3	1	json	[{"pk": 3, "model": "djangocms_text_ckeditor.text", "fields": {"body": "<h1>Exterior Painting</h1>\\n\\n<p>Com horribilem walking dead resurgere de crazed sepulcris creaturis, zombie sicut de grave feeding iride et serpens. Pestilentia, shaun ofthe dead scythe animated corpses ipsa screams. Pestilentia est plague haec decaying ambulabat mortuos. Sicut zeder apathetic malus voodoo. Aenean a dolor plan et terror soulless vulnerum contagium accedunt, mortui iam vivam unlife. Qui tardius moveri, brid eof reanimator sed in magna copia sint terribiles undeath legionis. Alii missing oculis aliorum sicut serpere crabs nostram. Putridi braindead odores kill and infect, aere implent left four dead.</p>\\n\\n<p>\\u00a0</p>\\n"}}]	Exterior Painting Com...
118	14	4	4	10	json	[{"pk": 4, "model": "cms.placeholder", "fields": {"slot": "feature", "default_width": null}}]	feature
119	14	5	5	10	json	[{"pk": 5, "model": "cms.placeholder", "fields": {"slot": "content1", "default_width": null}}]	content1
120	14	6	6	10	json	[{"pk": 6, "model": "cms.placeholder", "fields": {"slot": "content2", "default_width": null}}]	content2
121	14	7	7	10	json	[{"pk": 7, "model": "cms.placeholder", "fields": {"slot": "content3", "default_width": null}}]	content3
122	14	2	2	1	json	[{"pk": 2, "model": "djangocms_text_ckeditor.text", "fields": {"body": "<h1>Roofing</h1>\\n\\n<p>Zombie ipsum reversus ab viral inferno, nam rick grimes malum cerebro. De carne lumbering animata corpora quaeritis. Summus brains sit??, morbo vel maleficia? De apocalypsi gorger omero undead survivor dictum mauris. Hi mindless mortuis soulless creaturas, imo evil stalking monstra adventus resi dentevil vultus comedat cerebella viventium. Qui animated corpse, cricket bat max brucks terribilem incessu zomby. The voodoo sacerdos flesh eater, suscitat mortuos comedere carnem virus. Zonbi tattered for solum oculi eorum defunctis go lum cerebro. Nescio brains an Undead zombies. Sicut malus putrid voodoo horror. Nigh tofth eliv ingdead.</p>\\n\\n<p>\\u00a0</p>\\n"}}]	Roofing Zombie ipsum...
123	14	2	2	11	json	[{"pk": 2, "model": "cms.cmsplugin", "fields": {"rght": 2, "changed_date": "2014-05-13T16:42:10.908Z", "parent": null, "language": "en", "level": 0, "creation_date": "2014-05-13T16:41:49.651Z", "lft": 1, "tree_id": 2, "position": 0, "placeholder": 5, "plugin_type": "TextPlugin"}}]	2
124	14	3	3	11	json	[{"pk": 3, "model": "cms.cmsplugin", "fields": {"rght": 2, "changed_date": "2014-05-13T16:42:58.318Z", "parent": null, "language": "en", "level": 0, "creation_date": "2014-05-13T16:42:18.359Z", "lft": 1, "tree_id": 3, "position": 0, "placeholder": 6, "plugin_type": "TextPlugin"}}]	3
125	14	1	1	17	json	[{"pk": 1, "model": "cms.title", "fields": {"menu_title": "Home", "meta_description": "", "page_title": "", "language": "en", "title": "Metro Restoration", "has_url_overwrite": false, "redirect": null, "publisher_is_draft": true, "page": 1, "published": true, "path": "", "publisher_state": 0, "creation_date": "2014-05-13T16:36:35.895Z", "slug": "metro-restoration", "publisher_public": 2}}]	Metro Restoration (metro-restoration, en)
126	14	4	4	1	json	[{"pk": 4, "model": "djangocms_text_ckeditor.text", "fields": {"body": "<h1>Something Else...</h1>\\n\\n<p>Lucio fulci tremor est dark vivos magna. Expansis creepy arm yof darkness ulnis witchcraft missing carnem armis Kirkman Moore and Adlard caeruleum in locis. Romero morbo Congress amarus in auras. Nihil horum sagittis tincidunt, zombie slack-jawed gelida survival portenta. The unleashed virus est, et iam zombie mortui ambulabunt super terram. Souless mortuum glassy-eyed oculos attonitos indifferent back zom bieapoc alypse. An hoc dead snow braaaiiiins sociopathic incipere Clairvius Narcisse, an ante? Is bello mundi z</p>\\n\\n<p>\\u00a0</p>\\n"}}]	Something Else... Lucio...
127	14	5	5	1	json	[{"pk": 5, "model": "djangocms_text_ckeditor.text", "fields": {"body": "<h1>Welcome to DjangoCMS!</h1>\\n\\n<p>The easy-to-use and developer-friendly CMS.</p>\\n"}}]	Welcome to DjangoCMS!...
128	14	4	4	11	json	[{"pk": 4, "model": "cms.cmsplugin", "fields": {"rght": 2, "changed_date": "2014-05-13T16:43:23.891Z", "parent": null, "language": "en", "level": 0, "creation_date": "2014-05-13T16:43:06.560Z", "lft": 1, "tree_id": 4, "position": 0, "placeholder": 7, "plugin_type": "TextPlugin"}}]	4
129	14	5	5	11	json	[{"pk": 5, "model": "cms.cmsplugin", "fields": {"rght": 2, "changed_date": "2014-05-13T16:44:47.026Z", "parent": null, "language": "en", "level": 0, "creation_date": "2014-05-13T16:43:30.888Z", "lft": 1, "tree_id": 5, "position": 0, "placeholder": 4, "plugin_type": "TextPlugin"}}]	5
130	15	8	8	10	json	[{"pk": 8, "model": "cms.placeholder", "fields": {"slot": "content", "default_width": null}}]	content
131	15	1	1	36	json	[{"pk": 1, "model": "metro_restoration.customcontact", "fields": {"form_layout": "metro_restoration.forms.CustomContactForm", "recaptcha_theme": "clean", "site_email": "danielbonebrake@gmail.com", "spam_protection_method": 0, "submit": "Submit", "custom_label": "Your custom value", "thanks": "<p>Thanks!</p>\\r\\n", "form_name": "Request an Estimate", "akismet_api_key": "", "recaptcha_public_key": "", "recaptcha_private_key": ""}}]	danielbonebrake@gmail.com
132	15	3	3	12	json	[{"pk": 3, "model": "cms.page", "fields": {"rght": 2, "navigation_extenders": null, "site": 1, "application_namespace": null, "lft": 1, "in_navigation": true, "reverse_id": null, "login_required": false, "created_by": "dbonebrake", "languages": "en", "publication_end_date": null, "template": "INHERIT", "tree_id": 3, "placeholders": [8], "changed_date": "2014-05-13T16:46:26.050Z", "limit_visibility_in_menu": null, "parent": null, "soft_root": false, "is_home": false, "publication_date": "2014-05-13T16:46:25.907Z", "creation_date": "2014-05-13T16:38:52.351Z", "level": 0, "changed_by": "dbonebrake", "application_urls": null, "xframe_options": 0, "revision_id": 0}}]	Contact
133	15	3	3	17	json	[{"pk": 3, "model": "cms.title", "fields": {"menu_title": "Contact", "meta_description": "", "page_title": "", "language": "en", "title": "Contact", "has_url_overwrite": false, "redirect": null, "publisher_is_draft": true, "page": 3, "published": true, "path": "contact", "publisher_state": 0, "creation_date": "2014-05-13T16:38:52.396Z", "slug": "contact", "publisher_public": 4}}]	Contact (contact, en)
134	15	1	1	11	json	[{"pk": 1, "model": "cms.cmsplugin", "fields": {"rght": 2, "changed_date": "2014-05-13T16:39:20.700Z", "parent": null, "language": "en", "level": 0, "creation_date": "2014-05-13T16:39:01.949Z", "lft": 1, "tree_id": 1, "position": 0, "placeholder": 8, "plugin_type": "CustomContactPlugin"}}]	1
\.


--
-- Name: reversion_version_id_seq; Type: SEQUENCE SET; Schema: public; Owner: postgres
--

SELECT pg_catalog.setval('reversion_version_id_seq', 134, true);


--
-- Data for Name: south_migrationhistory; Type: TABLE DATA; Schema: public; Owner: postgres
--

COPY south_migrationhistory (id, app_name, migration, applied) FROM stdin;
\.


--
-- Name: south_migrationhistory_id_seq; Type: SEQUENCE SET; Schema: public; Owner: postgres
--

SELECT pg_catalog.setval('south_migrationhistory_id_seq', 1, false);


--
-- Name: auth_group_name_key; Type: CONSTRAINT; Schema: public; Owner: postgres; Tablespace: 
--

ALTER TABLE ONLY auth_group
    ADD CONSTRAINT auth_group_name_key UNIQUE (name);


--
-- Name: auth_group_permissions_group_id_permission_id_key; Type: CONSTRAINT; Schema: public; Owner: postgres; Tablespace: 
--

ALTER TABLE ONLY auth_group_permissions
    ADD CONSTRAINT auth_group_permissions_group_id_permission_id_key UNIQUE (group_id, permission_id);


--
-- Name: auth_group_permissions_pkey; Type: CONSTRAINT; Schema: public; Owner: postgres; Tablespace: 
--

ALTER TABLE ONLY auth_group_permissions
    ADD CONSTRAINT auth_group_permissions_pkey PRIMARY KEY (id);


--
-- Name: auth_group_pkey; Type: CONSTRAINT; Schema: public; Owner: postgres; Tablespace: 
--

ALTER TABLE ONLY auth_group
    ADD CONSTRAINT auth_group_pkey PRIMARY KEY (id);


--
-- Name: auth_permission_content_type_id_codename_key; Type: CONSTRAINT; Schema: public; Owner: postgres; Tablespace: 
--

ALTER TABLE ONLY auth_permission
    ADD CONSTRAINT auth_permission_content_type_id_codename_key UNIQUE (content_type_id, codename);


--
-- Name: auth_permission_pkey; Type: CONSTRAINT; Schema: public; Owner: postgres; Tablespace: 
--

ALTER TABLE ONLY auth_permission
    ADD CONSTRAINT auth_permission_pkey PRIMARY KEY (id);


--
-- Name: auth_user_groups_pkey; Type: CONSTRAINT; Schema: public; Owner: postgres; Tablespace: 
--

ALTER TABLE ONLY auth_user_groups
    ADD CONSTRAINT auth_user_groups_pkey PRIMARY KEY (id);


--
-- Name: auth_user_groups_user_id_group_id_key; Type: CONSTRAINT; Schema: public; Owner: postgres; Tablespace: 
--

ALTER TABLE ONLY auth_user_groups
    ADD CONSTRAINT auth_user_groups_user_id_group_id_key UNIQUE (user_id, group_id);


--
-- Name: auth_user_pkey; Type: CONSTRAINT; Schema: public; Owner: postgres; Tablespace: 
--

ALTER TABLE ONLY auth_user
    ADD CONSTRAINT auth_user_pkey PRIMARY KEY (id);


--
-- Name: auth_user_user_permissions_pkey; Type: CONSTRAINT; Schema: public; Owner: postgres; Tablespace: 
--

ALTER TABLE ONLY auth_user_user_permissions
    ADD CONSTRAINT auth_user_user_permissions_pkey PRIMARY KEY (id);


--
-- Name: auth_user_user_permissions_user_id_permission_id_key; Type: CONSTRAINT; Schema: public; Owner: postgres; Tablespace: 
--

ALTER TABLE ONLY auth_user_user_permissions
    ADD CONSTRAINT auth_user_user_permissions_user_id_permission_id_key UNIQUE (user_id, permission_id);


--
-- Name: auth_user_username_key; Type: CONSTRAINT; Schema: public; Owner: postgres; Tablespace: 
--

ALTER TABLE ONLY auth_user
    ADD CONSTRAINT auth_user_username_key UNIQUE (username);


--
-- Name: cms_cmsplugin_pkey; Type: CONSTRAINT; Schema: public; Owner: postgres; Tablespace: 
--

ALTER TABLE ONLY cms_cmsplugin
    ADD CONSTRAINT cms_cmsplugin_pkey PRIMARY KEY (id);


--
-- Name: cms_globalpagepermission_pkey; Type: CONSTRAINT; Schema: public; Owner: postgres; Tablespace: 
--

ALTER TABLE ONLY cms_globalpagepermission
    ADD CONSTRAINT cms_globalpagepermission_pkey PRIMARY KEY (id);


--
-- Name: cms_globalpagepermission_site_globalpagepermission_id_site__key; Type: CONSTRAINT; Schema: public; Owner: postgres; Tablespace: 
--

ALTER TABLE ONLY cms_globalpagepermission_sites
    ADD CONSTRAINT cms_globalpagepermission_site_globalpagepermission_id_site__key UNIQUE (globalpagepermission_id, site_id);


--
-- Name: cms_globalpagepermission_sites_pkey; Type: CONSTRAINT; Schema: public; Owner: postgres; Tablespace: 
--

ALTER TABLE ONLY cms_globalpagepermission_sites
    ADD CONSTRAINT cms_globalpagepermission_sites_pkey PRIMARY KEY (id);


--
-- Name: cms_page_pkey; Type: CONSTRAINT; Schema: public; Owner: postgres; Tablespace: 
--

ALTER TABLE ONLY cms_page
    ADD CONSTRAINT cms_page_pkey PRIMARY KEY (id);


--
-- Name: cms_page_placeholders_page_id_placeholder_id_key; Type: CONSTRAINT; Schema: public; Owner: postgres; Tablespace: 
--

ALTER TABLE ONLY cms_page_placeholders
    ADD CONSTRAINT cms_page_placeholders_page_id_placeholder_id_key UNIQUE (page_id, placeholder_id);


--
-- Name: cms_page_placeholders_pkey; Type: CONSTRAINT; Schema: public; Owner: postgres; Tablespace: 
--

ALTER TABLE ONLY cms_page_placeholders
    ADD CONSTRAINT cms_page_placeholders_pkey PRIMARY KEY (id);


--
-- Name: cms_page_publisher_is_draft_application_namespace_key; Type: CONSTRAINT; Schema: public; Owner: postgres; Tablespace: 
--

ALTER TABLE ONLY cms_page
    ADD CONSTRAINT cms_page_publisher_is_draft_application_namespace_key UNIQUE (publisher_is_draft, application_namespace);


--
-- Name: cms_page_publisher_public_id_key; Type: CONSTRAINT; Schema: public; Owner: postgres; Tablespace: 
--

ALTER TABLE ONLY cms_page
    ADD CONSTRAINT cms_page_publisher_public_id_key UNIQUE (publisher_public_id);


--
-- Name: cms_page_reverse_id_site_id_publisher_is_draft_key; Type: CONSTRAINT; Schema: public; Owner: postgres; Tablespace: 
--

ALTER TABLE ONLY cms_page
    ADD CONSTRAINT cms_page_reverse_id_site_id_publisher_is_draft_key UNIQUE (reverse_id, site_id, publisher_is_draft);


--
-- Name: cms_pagepermission_pkey; Type: CONSTRAINT; Schema: public; Owner: postgres; Tablespace: 
--

ALTER TABLE ONLY cms_pagepermission
    ADD CONSTRAINT cms_pagepermission_pkey PRIMARY KEY (id);


--
-- Name: cms_pageuser_pkey; Type: CONSTRAINT; Schema: public; Owner: postgres; Tablespace: 
--

ALTER TABLE ONLY cms_pageuser
    ADD CONSTRAINT cms_pageuser_pkey PRIMARY KEY (user_ptr_id);


--
-- Name: cms_pageusergroup_pkey; Type: CONSTRAINT; Schema: public; Owner: postgres; Tablespace: 
--

ALTER TABLE ONLY cms_pageusergroup
    ADD CONSTRAINT cms_pageusergroup_pkey PRIMARY KEY (group_ptr_id);


--
-- Name: cms_placeholder_pkey; Type: CONSTRAINT; Schema: public; Owner: postgres; Tablespace: 
--

ALTER TABLE ONLY cms_placeholder
    ADD CONSTRAINT cms_placeholder_pkey PRIMARY KEY (id);


--
-- Name: cms_placeholderreference_pkey; Type: CONSTRAINT; Schema: public; Owner: postgres; Tablespace: 
--

ALTER TABLE ONLY cms_placeholderreference
    ADD CONSTRAINT cms_placeholderreference_pkey PRIMARY KEY (cmsplugin_ptr_id);


--
-- Name: cms_staticplaceholder_code_site_id_key; Type: CONSTRAINT; Schema: public; Owner: postgres; Tablespace: 
--

ALTER TABLE ONLY cms_staticplaceholder
    ADD CONSTRAINT cms_staticplaceholder_code_site_id_key UNIQUE (code, site_id);


--
-- Name: cms_staticplaceholder_pkey; Type: CONSTRAINT; Schema: public; Owner: postgres; Tablespace: 
--

ALTER TABLE ONLY cms_staticplaceholder
    ADD CONSTRAINT cms_staticplaceholder_pkey PRIMARY KEY (id);


--
-- Name: cms_title_language_page_id_key; Type: CONSTRAINT; Schema: public; Owner: postgres; Tablespace: 
--

ALTER TABLE ONLY cms_title
    ADD CONSTRAINT cms_title_language_page_id_key UNIQUE (language, page_id);


--
-- Name: cms_title_pkey; Type: CONSTRAINT; Schema: public; Owner: postgres; Tablespace: 
--

ALTER TABLE ONLY cms_title
    ADD CONSTRAINT cms_title_pkey PRIMARY KEY (id);


--
-- Name: cms_title_publisher_public_id_key; Type: CONSTRAINT; Schema: public; Owner: postgres; Tablespace: 
--

ALTER TABLE ONLY cms_title
    ADD CONSTRAINT cms_title_publisher_public_id_key UNIQUE (publisher_public_id);


--
-- Name: cms_usersettings_pkey; Type: CONSTRAINT; Schema: public; Owner: postgres; Tablespace: 
--

ALTER TABLE ONLY cms_usersettings
    ADD CONSTRAINT cms_usersettings_pkey PRIMARY KEY (id);


--
-- Name: cmsplugin_contact_contact_pkey; Type: CONSTRAINT; Schema: public; Owner: postgres; Tablespace: 
--

ALTER TABLE ONLY cmsplugin_contact_contact
    ADD CONSTRAINT cmsplugin_contact_contact_pkey PRIMARY KEY (cmsplugin_ptr_id);


--
-- Name: django_admin_log_pkey; Type: CONSTRAINT; Schema: public; Owner: postgres; Tablespace: 
--

ALTER TABLE ONLY django_admin_log
    ADD CONSTRAINT django_admin_log_pkey PRIMARY KEY (id);


--
-- Name: django_content_type_app_label_model_key; Type: CONSTRAINT; Schema: public; Owner: postgres; Tablespace: 
--

ALTER TABLE ONLY django_content_type
    ADD CONSTRAINT django_content_type_app_label_model_key UNIQUE (app_label, model);


--
-- Name: django_content_type_pkey; Type: CONSTRAINT; Schema: public; Owner: postgres; Tablespace: 
--

ALTER TABLE ONLY django_content_type
    ADD CONSTRAINT django_content_type_pkey PRIMARY KEY (id);


--
-- Name: django_session_pkey; Type: CONSTRAINT; Schema: public; Owner: postgres; Tablespace: 
--

ALTER TABLE ONLY django_session
    ADD CONSTRAINT django_session_pkey PRIMARY KEY (session_key);


--
-- Name: django_site_pkey; Type: CONSTRAINT; Schema: public; Owner: postgres; Tablespace: 
--

ALTER TABLE ONLY django_site
    ADD CONSTRAINT django_site_pkey PRIMARY KEY (id);


--
-- Name: djangocms_column_column_pkey; Type: CONSTRAINT; Schema: public; Owner: postgres; Tablespace: 
--

ALTER TABLE ONLY djangocms_column_column
    ADD CONSTRAINT djangocms_column_column_pkey PRIMARY KEY (cmsplugin_ptr_id);


--
-- Name: djangocms_column_multicolumns_pkey; Type: CONSTRAINT; Schema: public; Owner: postgres; Tablespace: 
--

ALTER TABLE ONLY djangocms_column_multicolumns
    ADD CONSTRAINT djangocms_column_multicolumns_pkey PRIMARY KEY (cmsplugin_ptr_id);


--
-- Name: djangocms_file_file_pkey; Type: CONSTRAINT; Schema: public; Owner: postgres; Tablespace: 
--

ALTER TABLE ONLY djangocms_file_file
    ADD CONSTRAINT djangocms_file_file_pkey PRIMARY KEY (cmsplugin_ptr_id);


--
-- Name: djangocms_flash_flash_pkey; Type: CONSTRAINT; Schema: public; Owner: postgres; Tablespace: 
--

ALTER TABLE ONLY djangocms_flash_flash
    ADD CONSTRAINT djangocms_flash_flash_pkey PRIMARY KEY (cmsplugin_ptr_id);


--
-- Name: djangocms_googlemap_googlemap_pkey; Type: CONSTRAINT; Schema: public; Owner: postgres; Tablespace: 
--

ALTER TABLE ONLY djangocms_googlemap_googlemap
    ADD CONSTRAINT djangocms_googlemap_googlemap_pkey PRIMARY KEY (cmsplugin_ptr_id);


--
-- Name: djangocms_inherit_inheritpageplaceholder_pkey; Type: CONSTRAINT; Schema: public; Owner: postgres; Tablespace: 
--

ALTER TABLE ONLY djangocms_inherit_inheritpageplaceholder
    ADD CONSTRAINT djangocms_inherit_inheritpageplaceholder_pkey PRIMARY KEY (cmsplugin_ptr_id);


--
-- Name: djangocms_link_link_pkey; Type: CONSTRAINT; Schema: public; Owner: postgres; Tablespace: 
--

ALTER TABLE ONLY djangocms_link_link
    ADD CONSTRAINT djangocms_link_link_pkey PRIMARY KEY (cmsplugin_ptr_id);


--
-- Name: djangocms_picture_picture_pkey; Type: CONSTRAINT; Schema: public; Owner: postgres; Tablespace: 
--

ALTER TABLE ONLY djangocms_picture_picture
    ADD CONSTRAINT djangocms_picture_picture_pkey PRIMARY KEY (cmsplugin_ptr_id);


--
-- Name: djangocms_style_style_pkey; Type: CONSTRAINT; Schema: public; Owner: postgres; Tablespace: 
--

ALTER TABLE ONLY djangocms_style_style
    ADD CONSTRAINT djangocms_style_style_pkey PRIMARY KEY (cmsplugin_ptr_id);


--
-- Name: djangocms_teaser_teaser_pkey; Type: CONSTRAINT; Schema: public; Owner: postgres; Tablespace: 
--

ALTER TABLE ONLY djangocms_teaser_teaser
    ADD CONSTRAINT djangocms_teaser_teaser_pkey PRIMARY KEY (cmsplugin_ptr_id);


--
-- Name: djangocms_text_ckeditor_text_pkey; Type: CONSTRAINT; Schema: public; Owner: postgres; Tablespace: 
--

ALTER TABLE ONLY djangocms_text_ckeditor_text
    ADD CONSTRAINT djangocms_text_ckeditor_text_pkey PRIMARY KEY (cmsplugin_ptr_id);


--
-- Name: djangocms_video_video_pkey; Type: CONSTRAINT; Schema: public; Owner: postgres; Tablespace: 
--

ALTER TABLE ONLY djangocms_video_video
    ADD CONSTRAINT djangocms_video_video_pkey PRIMARY KEY (cmsplugin_ptr_id);


--
-- Name: menus_cachekey_pkey; Type: CONSTRAINT; Schema: public; Owner: postgres; Tablespace: 
--

ALTER TABLE ONLY menus_cachekey
    ADD CONSTRAINT menus_cachekey_pkey PRIMARY KEY (id);


--
-- Name: metro_restoration_customcontact_pkey; Type: CONSTRAINT; Schema: public; Owner: postgres; Tablespace: 
--

ALTER TABLE ONLY metro_restoration_customcontact
    ADD CONSTRAINT metro_restoration_customcontact_pkey PRIMARY KEY (cmsplugin_ptr_id);


--
-- Name: reversion_revision_pkey; Type: CONSTRAINT; Schema: public; Owner: postgres; Tablespace: 
--

ALTER TABLE ONLY reversion_revision
    ADD CONSTRAINT reversion_revision_pkey PRIMARY KEY (id);


--
-- Name: reversion_version_pkey; Type: CONSTRAINT; Schema: public; Owner: postgres; Tablespace: 
--

ALTER TABLE ONLY reversion_version
    ADD CONSTRAINT reversion_version_pkey PRIMARY KEY (id);


--
-- Name: south_migrationhistory_pkey; Type: CONSTRAINT; Schema: public; Owner: postgres; Tablespace: 
--

ALTER TABLE ONLY south_migrationhistory
    ADD CONSTRAINT south_migrationhistory_pkey PRIMARY KEY (id);


--
-- Name: auth_group_name_like; Type: INDEX; Schema: public; Owner: postgres; Tablespace: 
--

CREATE INDEX auth_group_name_like ON auth_group USING btree (name varchar_pattern_ops);


--
-- Name: auth_group_permissions_group_id; Type: INDEX; Schema: public; Owner: postgres; Tablespace: 
--

CREATE INDEX auth_group_permissions_group_id ON auth_group_permissions USING btree (group_id);


--
-- Name: auth_group_permissions_permission_id; Type: INDEX; Schema: public; Owner: postgres; Tablespace: 
--

CREATE INDEX auth_group_permissions_permission_id ON auth_group_permissions USING btree (permission_id);


--
-- Name: auth_permission_content_type_id; Type: INDEX; Schema: public; Owner: postgres; Tablespace: 
--

CREATE INDEX auth_permission_content_type_id ON auth_permission USING btree (content_type_id);


--
-- Name: auth_user_groups_group_id; Type: INDEX; Schema: public; Owner: postgres; Tablespace: 
--

CREATE INDEX auth_user_groups_group_id ON auth_user_groups USING btree (group_id);


--
-- Name: auth_user_groups_user_id; Type: INDEX; Schema: public; Owner: postgres; Tablespace: 
--

CREATE INDEX auth_user_groups_user_id ON auth_user_groups USING btree (user_id);


--
-- Name: auth_user_user_permissions_permission_id; Type: INDEX; Schema: public; Owner: postgres; Tablespace: 
--

CREATE INDEX auth_user_user_permissions_permission_id ON auth_user_user_permissions USING btree (permission_id);


--
-- Name: auth_user_user_permissions_user_id; Type: INDEX; Schema: public; Owner: postgres; Tablespace: 
--

CREATE INDEX auth_user_user_permissions_user_id ON auth_user_user_permissions USING btree (user_id);


--
-- Name: auth_user_username_like; Type: INDEX; Schema: public; Owner: postgres; Tablespace: 
--

CREATE INDEX auth_user_username_like ON auth_user USING btree (username varchar_pattern_ops);


--
-- Name: cms_cmsplugin_language; Type: INDEX; Schema: public; Owner: postgres; Tablespace: 
--

CREATE INDEX cms_cmsplugin_language ON cms_cmsplugin USING btree (language);


--
-- Name: cms_cmsplugin_language_like; Type: INDEX; Schema: public; Owner: postgres; Tablespace: 
--

CREATE INDEX cms_cmsplugin_language_like ON cms_cmsplugin USING btree (language varchar_pattern_ops);


--
-- Name: cms_cmsplugin_level; Type: INDEX; Schema: public; Owner: postgres; Tablespace: 
--

CREATE INDEX cms_cmsplugin_level ON cms_cmsplugin USING btree (level);


--
-- Name: cms_cmsplugin_lft; Type: INDEX; Schema: public; Owner: postgres; Tablespace: 
--

CREATE INDEX cms_cmsplugin_lft ON cms_cmsplugin USING btree (lft);


--
-- Name: cms_cmsplugin_parent_id; Type: INDEX; Schema: public; Owner: postgres; Tablespace: 
--

CREATE INDEX cms_cmsplugin_parent_id ON cms_cmsplugin USING btree (parent_id);


--
-- Name: cms_cmsplugin_placeholder_id; Type: INDEX; Schema: public; Owner: postgres; Tablespace: 
--

CREATE INDEX cms_cmsplugin_placeholder_id ON cms_cmsplugin USING btree (placeholder_id);


--
-- Name: cms_cmsplugin_plugin_type; Type: INDEX; Schema: public; Owner: postgres; Tablespace: 
--

CREATE INDEX cms_cmsplugin_plugin_type ON cms_cmsplugin USING btree (plugin_type);


--
-- Name: cms_cmsplugin_plugin_type_like; Type: INDEX; Schema: public; Owner: postgres; Tablespace: 
--

CREATE INDEX cms_cmsplugin_plugin_type_like ON cms_cmsplugin USING btree (plugin_type varchar_pattern_ops);


--
-- Name: cms_cmsplugin_rght; Type: INDEX; Schema: public; Owner: postgres; Tablespace: 
--

CREATE INDEX cms_cmsplugin_rght ON cms_cmsplugin USING btree (rght);


--
-- Name: cms_cmsplugin_tree_id; Type: INDEX; Schema: public; Owner: postgres; Tablespace: 
--

CREATE INDEX cms_cmsplugin_tree_id ON cms_cmsplugin USING btree (tree_id);


--
-- Name: cms_globalpagepermission_group_id; Type: INDEX; Schema: public; Owner: postgres; Tablespace: 
--

CREATE INDEX cms_globalpagepermission_group_id ON cms_globalpagepermission USING btree (group_id);


--
-- Name: cms_globalpagepermission_sites_globalpagepermission_id; Type: INDEX; Schema: public; Owner: postgres; Tablespace: 
--

CREATE INDEX cms_globalpagepermission_sites_globalpagepermission_id ON cms_globalpagepermission_sites USING btree (globalpagepermission_id);


--
-- Name: cms_globalpagepermission_sites_site_id; Type: INDEX; Schema: public; Owner: postgres; Tablespace: 
--

CREATE INDEX cms_globalpagepermission_sites_site_id ON cms_globalpagepermission_sites USING btree (site_id);


--
-- Name: cms_globalpagepermission_user_id; Type: INDEX; Schema: public; Owner: postgres; Tablespace: 
--

CREATE INDEX cms_globalpagepermission_user_id ON cms_globalpagepermission USING btree (user_id);


--
-- Name: cms_page_application_urls; Type: INDEX; Schema: public; Owner: postgres; Tablespace: 
--

CREATE INDEX cms_page_application_urls ON cms_page USING btree (application_urls);


--
-- Name: cms_page_application_urls_like; Type: INDEX; Schema: public; Owner: postgres; Tablespace: 
--

CREATE INDEX cms_page_application_urls_like ON cms_page USING btree (application_urls varchar_pattern_ops);


--
-- Name: cms_page_in_navigation; Type: INDEX; Schema: public; Owner: postgres; Tablespace: 
--

CREATE INDEX cms_page_in_navigation ON cms_page USING btree (in_navigation);


--
-- Name: cms_page_is_home; Type: INDEX; Schema: public; Owner: postgres; Tablespace: 
--

CREATE INDEX cms_page_is_home ON cms_page USING btree (is_home);


--
-- Name: cms_page_level; Type: INDEX; Schema: public; Owner: postgres; Tablespace: 
--

CREATE INDEX cms_page_level ON cms_page USING btree (level);


--
-- Name: cms_page_lft; Type: INDEX; Schema: public; Owner: postgres; Tablespace: 
--

CREATE INDEX cms_page_lft ON cms_page USING btree (lft);


--
-- Name: cms_page_limit_visibility_in_menu; Type: INDEX; Schema: public; Owner: postgres; Tablespace: 
--

CREATE INDEX cms_page_limit_visibility_in_menu ON cms_page USING btree (limit_visibility_in_menu);


--
-- Name: cms_page_navigation_extenders; Type: INDEX; Schema: public; Owner: postgres; Tablespace: 
--

CREATE INDEX cms_page_navigation_extenders ON cms_page USING btree (navigation_extenders);


--
-- Name: cms_page_navigation_extenders_like; Type: INDEX; Schema: public; Owner: postgres; Tablespace: 
--

CREATE INDEX cms_page_navigation_extenders_like ON cms_page USING btree (navigation_extenders varchar_pattern_ops);


--
-- Name: cms_page_parent_id; Type: INDEX; Schema: public; Owner: postgres; Tablespace: 
--

CREATE INDEX cms_page_parent_id ON cms_page USING btree (parent_id);


--
-- Name: cms_page_placeholders_page_id; Type: INDEX; Schema: public; Owner: postgres; Tablespace: 
--

CREATE INDEX cms_page_placeholders_page_id ON cms_page_placeholders USING btree (page_id);


--
-- Name: cms_page_placeholders_placeholder_id; Type: INDEX; Schema: public; Owner: postgres; Tablespace: 
--

CREATE INDEX cms_page_placeholders_placeholder_id ON cms_page_placeholders USING btree (placeholder_id);


--
-- Name: cms_page_publication_date; Type: INDEX; Schema: public; Owner: postgres; Tablespace: 
--

CREATE INDEX cms_page_publication_date ON cms_page USING btree (publication_date);


--
-- Name: cms_page_publication_end_date; Type: INDEX; Schema: public; Owner: postgres; Tablespace: 
--

CREATE INDEX cms_page_publication_end_date ON cms_page USING btree (publication_end_date);


--
-- Name: cms_page_publisher_is_draft; Type: INDEX; Schema: public; Owner: postgres; Tablespace: 
--

CREATE INDEX cms_page_publisher_is_draft ON cms_page USING btree (publisher_is_draft);


--
-- Name: cms_page_reverse_id; Type: INDEX; Schema: public; Owner: postgres; Tablespace: 
--

CREATE INDEX cms_page_reverse_id ON cms_page USING btree (reverse_id);


--
-- Name: cms_page_reverse_id_like; Type: INDEX; Schema: public; Owner: postgres; Tablespace: 
--

CREATE INDEX cms_page_reverse_id_like ON cms_page USING btree (reverse_id varchar_pattern_ops);


--
-- Name: cms_page_rght; Type: INDEX; Schema: public; Owner: postgres; Tablespace: 
--

CREATE INDEX cms_page_rght ON cms_page USING btree (rght);


--
-- Name: cms_page_site_id; Type: INDEX; Schema: public; Owner: postgres; Tablespace: 
--

CREATE INDEX cms_page_site_id ON cms_page USING btree (site_id);


--
-- Name: cms_page_soft_root; Type: INDEX; Schema: public; Owner: postgres; Tablespace: 
--

CREATE INDEX cms_page_soft_root ON cms_page USING btree (soft_root);


--
-- Name: cms_page_tree_id; Type: INDEX; Schema: public; Owner: postgres; Tablespace: 
--

CREATE INDEX cms_page_tree_id ON cms_page USING btree (tree_id);


--
-- Name: cms_pagepermission_group_id; Type: INDEX; Schema: public; Owner: postgres; Tablespace: 
--

CREATE INDEX cms_pagepermission_group_id ON cms_pagepermission USING btree (group_id);


--
-- Name: cms_pagepermission_page_id; Type: INDEX; Schema: public; Owner: postgres; Tablespace: 
--

CREATE INDEX cms_pagepermission_page_id ON cms_pagepermission USING btree (page_id);


--
-- Name: cms_pagepermission_user_id; Type: INDEX; Schema: public; Owner: postgres; Tablespace: 
--

CREATE INDEX cms_pagepermission_user_id ON cms_pagepermission USING btree (user_id);


--
-- Name: cms_pageuser_created_by_id; Type: INDEX; Schema: public; Owner: postgres; Tablespace: 
--

CREATE INDEX cms_pageuser_created_by_id ON cms_pageuser USING btree (created_by_id);


--
-- Name: cms_pageusergroup_created_by_id; Type: INDEX; Schema: public; Owner: postgres; Tablespace: 
--

CREATE INDEX cms_pageusergroup_created_by_id ON cms_pageusergroup USING btree (created_by_id);


--
-- Name: cms_placeholder_slot; Type: INDEX; Schema: public; Owner: postgres; Tablespace: 
--

CREATE INDEX cms_placeholder_slot ON cms_placeholder USING btree (slot);


--
-- Name: cms_placeholder_slot_like; Type: INDEX; Schema: public; Owner: postgres; Tablespace: 
--

CREATE INDEX cms_placeholder_slot_like ON cms_placeholder USING btree (slot varchar_pattern_ops);


--
-- Name: cms_placeholderreference_placeholder_ref_id; Type: INDEX; Schema: public; Owner: postgres; Tablespace: 
--

CREATE INDEX cms_placeholderreference_placeholder_ref_id ON cms_placeholderreference USING btree (placeholder_ref_id);


--
-- Name: cms_staticplaceholder_draft_id; Type: INDEX; Schema: public; Owner: postgres; Tablespace: 
--

CREATE INDEX cms_staticplaceholder_draft_id ON cms_staticplaceholder USING btree (draft_id);


--
-- Name: cms_staticplaceholder_public_id; Type: INDEX; Schema: public; Owner: postgres; Tablespace: 
--

CREATE INDEX cms_staticplaceholder_public_id ON cms_staticplaceholder USING btree (public_id);


--
-- Name: cms_staticplaceholder_site_id; Type: INDEX; Schema: public; Owner: postgres; Tablespace: 
--

CREATE INDEX cms_staticplaceholder_site_id ON cms_staticplaceholder USING btree (site_id);


--
-- Name: cms_title_has_url_overwrite; Type: INDEX; Schema: public; Owner: postgres; Tablespace: 
--

CREATE INDEX cms_title_has_url_overwrite ON cms_title USING btree (has_url_overwrite);


--
-- Name: cms_title_language; Type: INDEX; Schema: public; Owner: postgres; Tablespace: 
--

CREATE INDEX cms_title_language ON cms_title USING btree (language);


--
-- Name: cms_title_language_like; Type: INDEX; Schema: public; Owner: postgres; Tablespace: 
--

CREATE INDEX cms_title_language_like ON cms_title USING btree (language varchar_pattern_ops);


--
-- Name: cms_title_page_id; Type: INDEX; Schema: public; Owner: postgres; Tablespace: 
--

CREATE INDEX cms_title_page_id ON cms_title USING btree (page_id);


--
-- Name: cms_title_path; Type: INDEX; Schema: public; Owner: postgres; Tablespace: 
--

CREATE INDEX cms_title_path ON cms_title USING btree (path);


--
-- Name: cms_title_path_like; Type: INDEX; Schema: public; Owner: postgres; Tablespace: 
--

CREATE INDEX cms_title_path_like ON cms_title USING btree (path varchar_pattern_ops);


--
-- Name: cms_title_publisher_is_draft; Type: INDEX; Schema: public; Owner: postgres; Tablespace: 
--

CREATE INDEX cms_title_publisher_is_draft ON cms_title USING btree (publisher_is_draft);


--
-- Name: cms_title_publisher_state; Type: INDEX; Schema: public; Owner: postgres; Tablespace: 
--

CREATE INDEX cms_title_publisher_state ON cms_title USING btree (publisher_state);


--
-- Name: cms_title_slug; Type: INDEX; Schema: public; Owner: postgres; Tablespace: 
--

CREATE INDEX cms_title_slug ON cms_title USING btree (slug);


--
-- Name: cms_title_slug_like; Type: INDEX; Schema: public; Owner: postgres; Tablespace: 
--

CREATE INDEX cms_title_slug_like ON cms_title USING btree (slug varchar_pattern_ops);


--
-- Name: cms_usersettings_clipboard_id; Type: INDEX; Schema: public; Owner: postgres; Tablespace: 
--

CREATE INDEX cms_usersettings_clipboard_id ON cms_usersettings USING btree (clipboard_id);


--
-- Name: cms_usersettings_user_id; Type: INDEX; Schema: public; Owner: postgres; Tablespace: 
--

CREATE INDEX cms_usersettings_user_id ON cms_usersettings USING btree (user_id);


--
-- Name: django_admin_log_content_type_id; Type: INDEX; Schema: public; Owner: postgres; Tablespace: 
--

CREATE INDEX django_admin_log_content_type_id ON django_admin_log USING btree (content_type_id);


--
-- Name: django_admin_log_user_id; Type: INDEX; Schema: public; Owner: postgres; Tablespace: 
--

CREATE INDEX django_admin_log_user_id ON django_admin_log USING btree (user_id);


--
-- Name: django_session_expire_date; Type: INDEX; Schema: public; Owner: postgres; Tablespace: 
--

CREATE INDEX django_session_expire_date ON django_session USING btree (expire_date);


--
-- Name: django_session_session_key_like; Type: INDEX; Schema: public; Owner: postgres; Tablespace: 
--

CREATE INDEX django_session_session_key_like ON django_session USING btree (session_key varchar_pattern_ops);


--
-- Name: djangocms_inherit_inheritpageplaceholder_from_page_id; Type: INDEX; Schema: public; Owner: postgres; Tablespace: 
--

CREATE INDEX djangocms_inherit_inheritpageplaceholder_from_page_id ON djangocms_inherit_inheritpageplaceholder USING btree (from_page_id);


--
-- Name: djangocms_link_link_page_link_id; Type: INDEX; Schema: public; Owner: postgres; Tablespace: 
--

CREATE INDEX djangocms_link_link_page_link_id ON djangocms_link_link USING btree (page_link_id);


--
-- Name: djangocms_picture_picture_page_link_id; Type: INDEX; Schema: public; Owner: postgres; Tablespace: 
--

CREATE INDEX djangocms_picture_picture_page_link_id ON djangocms_picture_picture USING btree (page_link_id);


--
-- Name: djangocms_teaser_teaser_page_link_id; Type: INDEX; Schema: public; Owner: postgres; Tablespace: 
--

CREATE INDEX djangocms_teaser_teaser_page_link_id ON djangocms_teaser_teaser USING btree (page_link_id);


--
-- Name: reversion_revision_manager_slug; Type: INDEX; Schema: public; Owner: postgres; Tablespace: 
--

CREATE INDEX reversion_revision_manager_slug ON reversion_revision USING btree (manager_slug);


--
-- Name: reversion_revision_manager_slug_like; Type: INDEX; Schema: public; Owner: postgres; Tablespace: 
--

CREATE INDEX reversion_revision_manager_slug_like ON reversion_revision USING btree (manager_slug varchar_pattern_ops);


--
-- Name: reversion_revision_user_id; Type: INDEX; Schema: public; Owner: postgres; Tablespace: 
--

CREATE INDEX reversion_revision_user_id ON reversion_revision USING btree (user_id);


--
-- Name: reversion_version_content_type_id; Type: INDEX; Schema: public; Owner: postgres; Tablespace: 
--

CREATE INDEX reversion_version_content_type_id ON reversion_version USING btree (content_type_id);


--
-- Name: reversion_version_object_id_int; Type: INDEX; Schema: public; Owner: postgres; Tablespace: 
--

CREATE INDEX reversion_version_object_id_int ON reversion_version USING btree (object_id_int);


--
-- Name: reversion_version_revision_id; Type: INDEX; Schema: public; Owner: postgres; Tablespace: 
--

CREATE INDEX reversion_version_revision_id ON reversion_version USING btree (revision_id);


--
-- Name: auth_group_permissions_permission_id_fkey; Type: FK CONSTRAINT; Schema: public; Owner: postgres
--

ALTER TABLE ONLY auth_group_permissions
    ADD CONSTRAINT auth_group_permissions_permission_id_fkey FOREIGN KEY (permission_id) REFERENCES auth_permission(id) DEFERRABLE INITIALLY DEFERRED;


--
-- Name: auth_user_groups_group_id_fkey; Type: FK CONSTRAINT; Schema: public; Owner: postgres
--

ALTER TABLE ONLY auth_user_groups
    ADD CONSTRAINT auth_user_groups_group_id_fkey FOREIGN KEY (group_id) REFERENCES auth_group(id) DEFERRABLE INITIALLY DEFERRED;


--
-- Name: auth_user_user_permissions_permission_id_fkey; Type: FK CONSTRAINT; Schema: public; Owner: postgres
--

ALTER TABLE ONLY auth_user_user_permissions
    ADD CONSTRAINT auth_user_user_permissions_permission_id_fkey FOREIGN KEY (permission_id) REFERENCES auth_permission(id) DEFERRABLE INITIALLY DEFERRED;


--
-- Name: clipboard_id_refs_id_29248006; Type: FK CONSTRAINT; Schema: public; Owner: postgres
--

ALTER TABLE ONLY cms_usersettings
    ADD CONSTRAINT clipboard_id_refs_id_29248006 FOREIGN KEY (clipboard_id) REFERENCES cms_placeholder(id) DEFERRABLE INITIALLY DEFERRED;


--
-- Name: cms_cmsplugin_placeholder_id_fkey; Type: FK CONSTRAINT; Schema: public; Owner: postgres
--

ALTER TABLE ONLY cms_cmsplugin
    ADD CONSTRAINT cms_cmsplugin_placeholder_id_fkey FOREIGN KEY (placeholder_id) REFERENCES cms_placeholder(id) DEFERRABLE INITIALLY DEFERRED;


--
-- Name: cms_globalpagepermission_group_id_fkey; Type: FK CONSTRAINT; Schema: public; Owner: postgres
--

ALTER TABLE ONLY cms_globalpagepermission
    ADD CONSTRAINT cms_globalpagepermission_group_id_fkey FOREIGN KEY (group_id) REFERENCES auth_group(id) DEFERRABLE INITIALLY DEFERRED;


--
-- Name: cms_globalpagepermission_sites_site_id_fkey; Type: FK CONSTRAINT; Schema: public; Owner: postgres
--

ALTER TABLE ONLY cms_globalpagepermission_sites
    ADD CONSTRAINT cms_globalpagepermission_sites_site_id_fkey FOREIGN KEY (site_id) REFERENCES django_site(id) DEFERRABLE INITIALLY DEFERRED;


--
-- Name: cms_globalpagepermission_user_id_fkey; Type: FK CONSTRAINT; Schema: public; Owner: postgres
--

ALTER TABLE ONLY cms_globalpagepermission
    ADD CONSTRAINT cms_globalpagepermission_user_id_fkey FOREIGN KEY (user_id) REFERENCES auth_user(id) DEFERRABLE INITIALLY DEFERRED;


--
-- Name: cms_page_placeholders_placeholder_id_fkey; Type: FK CONSTRAINT; Schema: public; Owner: postgres
--

ALTER TABLE ONLY cms_page_placeholders
    ADD CONSTRAINT cms_page_placeholders_placeholder_id_fkey FOREIGN KEY (placeholder_id) REFERENCES cms_placeholder(id) DEFERRABLE INITIALLY DEFERRED;


--
-- Name: cms_page_site_id_fkey; Type: FK CONSTRAINT; Schema: public; Owner: postgres
--

ALTER TABLE ONLY cms_page
    ADD CONSTRAINT cms_page_site_id_fkey FOREIGN KEY (site_id) REFERENCES django_site(id) DEFERRABLE INITIALLY DEFERRED;


--
-- Name: cms_pagepermission_group_id_fkey; Type: FK CONSTRAINT; Schema: public; Owner: postgres
--

ALTER TABLE ONLY cms_pagepermission
    ADD CONSTRAINT cms_pagepermission_group_id_fkey FOREIGN KEY (group_id) REFERENCES auth_group(id) DEFERRABLE INITIALLY DEFERRED;


--
-- Name: cms_pagepermission_page_id_fkey; Type: FK CONSTRAINT; Schema: public; Owner: postgres
--

ALTER TABLE ONLY cms_pagepermission
    ADD CONSTRAINT cms_pagepermission_page_id_fkey FOREIGN KEY (page_id) REFERENCES cms_page(id) DEFERRABLE INITIALLY DEFERRED;


--
-- Name: cms_pagepermission_user_id_fkey; Type: FK CONSTRAINT; Schema: public; Owner: postgres
--

ALTER TABLE ONLY cms_pagepermission
    ADD CONSTRAINT cms_pagepermission_user_id_fkey FOREIGN KEY (user_id) REFERENCES auth_user(id) DEFERRABLE INITIALLY DEFERRED;


--
-- Name: cms_pageuser_created_by_id_fkey; Type: FK CONSTRAINT; Schema: public; Owner: postgres
--

ALTER TABLE ONLY cms_pageuser
    ADD CONSTRAINT cms_pageuser_created_by_id_fkey FOREIGN KEY (created_by_id) REFERENCES auth_user(id) DEFERRABLE INITIALLY DEFERRED;


--
-- Name: cms_pageuser_user_ptr_id_fkey; Type: FK CONSTRAINT; Schema: public; Owner: postgres
--

ALTER TABLE ONLY cms_pageuser
    ADD CONSTRAINT cms_pageuser_user_ptr_id_fkey FOREIGN KEY (user_ptr_id) REFERENCES auth_user(id) DEFERRABLE INITIALLY DEFERRED;


--
-- Name: cms_pageusergroup_created_by_id_fkey; Type: FK CONSTRAINT; Schema: public; Owner: postgres
--

ALTER TABLE ONLY cms_pageusergroup
    ADD CONSTRAINT cms_pageusergroup_created_by_id_fkey FOREIGN KEY (created_by_id) REFERENCES auth_user(id) DEFERRABLE INITIALLY DEFERRED;


--
-- Name: cms_pageusergroup_group_ptr_id_fkey; Type: FK CONSTRAINT; Schema: public; Owner: postgres
--

ALTER TABLE ONLY cms_pageusergroup
    ADD CONSTRAINT cms_pageusergroup_group_ptr_id_fkey FOREIGN KEY (group_ptr_id) REFERENCES auth_group(id) DEFERRABLE INITIALLY DEFERRED;


--
-- Name: cms_placeholderreference_cmsplugin_ptr_id_fkey; Type: FK CONSTRAINT; Schema: public; Owner: postgres
--

ALTER TABLE ONLY cms_placeholderreference
    ADD CONSTRAINT cms_placeholderreference_cmsplugin_ptr_id_fkey FOREIGN KEY (cmsplugin_ptr_id) REFERENCES cms_cmsplugin(id) DEFERRABLE INITIALLY DEFERRED;


--
-- Name: cms_placeholderreference_placeholder_ref_id_fkey; Type: FK CONSTRAINT; Schema: public; Owner: postgres
--

ALTER TABLE ONLY cms_placeholderreference
    ADD CONSTRAINT cms_placeholderreference_placeholder_ref_id_fkey FOREIGN KEY (placeholder_ref_id) REFERENCES cms_placeholder(id) DEFERRABLE INITIALLY DEFERRED;


--
-- Name: cms_staticplaceholder_draft_id_fkey; Type: FK CONSTRAINT; Schema: public; Owner: postgres
--

ALTER TABLE ONLY cms_staticplaceholder
    ADD CONSTRAINT cms_staticplaceholder_draft_id_fkey FOREIGN KEY (draft_id) REFERENCES cms_placeholder(id) DEFERRABLE INITIALLY DEFERRED;


--
-- Name: cms_staticplaceholder_public_id_fkey; Type: FK CONSTRAINT; Schema: public; Owner: postgres
--

ALTER TABLE ONLY cms_staticplaceholder
    ADD CONSTRAINT cms_staticplaceholder_public_id_fkey FOREIGN KEY (public_id) REFERENCES cms_placeholder(id) DEFERRABLE INITIALLY DEFERRED;


--
-- Name: cms_staticplaceholder_site_id_fkey; Type: FK CONSTRAINT; Schema: public; Owner: postgres
--

ALTER TABLE ONLY cms_staticplaceholder
    ADD CONSTRAINT cms_staticplaceholder_site_id_fkey FOREIGN KEY (site_id) REFERENCES django_site(id) DEFERRABLE INITIALLY DEFERRED;


--
-- Name: cms_title_page_id_fkey; Type: FK CONSTRAINT; Schema: public; Owner: postgres
--

ALTER TABLE ONLY cms_title
    ADD CONSTRAINT cms_title_page_id_fkey FOREIGN KEY (page_id) REFERENCES cms_page(id) DEFERRABLE INITIALLY DEFERRED;


--
-- Name: cms_usersettings_user_id_fkey; Type: FK CONSTRAINT; Schema: public; Owner: postgres
--

ALTER TABLE ONLY cms_usersettings
    ADD CONSTRAINT cms_usersettings_user_id_fkey FOREIGN KEY (user_id) REFERENCES auth_user(id) DEFERRABLE INITIALLY DEFERRED;


--
-- Name: cmsplugin_contact_contact_cmsplugin_ptr_id_fkey; Type: FK CONSTRAINT; Schema: public; Owner: postgres
--

ALTER TABLE ONLY cmsplugin_contact_contact
    ADD CONSTRAINT cmsplugin_contact_contact_cmsplugin_ptr_id_fkey FOREIGN KEY (cmsplugin_ptr_id) REFERENCES cms_cmsplugin(id) DEFERRABLE INITIALLY DEFERRED;


--
-- Name: cmsplugin_ptr_id_refs_id_28c29b5a; Type: FK CONSTRAINT; Schema: public; Owner: postgres
--

ALTER TABLE ONLY djangocms_text_ckeditor_text
    ADD CONSTRAINT cmsplugin_ptr_id_refs_id_28c29b5a FOREIGN KEY (cmsplugin_ptr_id) REFERENCES cms_cmsplugin(id) DEFERRABLE INITIALLY DEFERRED;


--
-- Name: content_type_id_refs_id_d043b34a; Type: FK CONSTRAINT; Schema: public; Owner: postgres
--

ALTER TABLE ONLY auth_permission
    ADD CONSTRAINT content_type_id_refs_id_d043b34a FOREIGN KEY (content_type_id) REFERENCES django_content_type(id) DEFERRABLE INITIALLY DEFERRED;


--
-- Name: django_admin_log_content_type_id_fkey; Type: FK CONSTRAINT; Schema: public; Owner: postgres
--

ALTER TABLE ONLY django_admin_log
    ADD CONSTRAINT django_admin_log_content_type_id_fkey FOREIGN KEY (content_type_id) REFERENCES django_content_type(id) DEFERRABLE INITIALLY DEFERRED;


--
-- Name: django_admin_log_user_id_fkey; Type: FK CONSTRAINT; Schema: public; Owner: postgres
--

ALTER TABLE ONLY django_admin_log
    ADD CONSTRAINT django_admin_log_user_id_fkey FOREIGN KEY (user_id) REFERENCES auth_user(id) DEFERRABLE INITIALLY DEFERRED;


--
-- Name: djangocms_column_column_cmsplugin_ptr_id_fkey; Type: FK CONSTRAINT; Schema: public; Owner: postgres
--

ALTER TABLE ONLY djangocms_column_column
    ADD CONSTRAINT djangocms_column_column_cmsplugin_ptr_id_fkey FOREIGN KEY (cmsplugin_ptr_id) REFERENCES cms_cmsplugin(id) DEFERRABLE INITIALLY DEFERRED;


--
-- Name: djangocms_column_multicolumns_cmsplugin_ptr_id_fkey; Type: FK CONSTRAINT; Schema: public; Owner: postgres
--

ALTER TABLE ONLY djangocms_column_multicolumns
    ADD CONSTRAINT djangocms_column_multicolumns_cmsplugin_ptr_id_fkey FOREIGN KEY (cmsplugin_ptr_id) REFERENCES cms_cmsplugin(id) DEFERRABLE INITIALLY DEFERRED;


--
-- Name: djangocms_file_file_cmsplugin_ptr_id_fkey; Type: FK CONSTRAINT; Schema: public; Owner: postgres
--

ALTER TABLE ONLY djangocms_file_file
    ADD CONSTRAINT djangocms_file_file_cmsplugin_ptr_id_fkey FOREIGN KEY (cmsplugin_ptr_id) REFERENCES cms_cmsplugin(id) DEFERRABLE INITIALLY DEFERRED;


--
-- Name: djangocms_flash_flash_cmsplugin_ptr_id_fkey; Type: FK CONSTRAINT; Schema: public; Owner: postgres
--

ALTER TABLE ONLY djangocms_flash_flash
    ADD CONSTRAINT djangocms_flash_flash_cmsplugin_ptr_id_fkey FOREIGN KEY (cmsplugin_ptr_id) REFERENCES cms_cmsplugin(id) DEFERRABLE INITIALLY DEFERRED;


--
-- Name: djangocms_googlemap_googlemap_cmsplugin_ptr_id_fkey; Type: FK CONSTRAINT; Schema: public; Owner: postgres
--

ALTER TABLE ONLY djangocms_googlemap_googlemap
    ADD CONSTRAINT djangocms_googlemap_googlemap_cmsplugin_ptr_id_fkey FOREIGN KEY (cmsplugin_ptr_id) REFERENCES cms_cmsplugin(id) DEFERRABLE INITIALLY DEFERRED;


--
-- Name: djangocms_inherit_inheritpageplaceholder_cmsplugin_ptr_id_fkey; Type: FK CONSTRAINT; Schema: public; Owner: postgres
--

ALTER TABLE ONLY djangocms_inherit_inheritpageplaceholder
    ADD CONSTRAINT djangocms_inherit_inheritpageplaceholder_cmsplugin_ptr_id_fkey FOREIGN KEY (cmsplugin_ptr_id) REFERENCES cms_cmsplugin(id) DEFERRABLE INITIALLY DEFERRED;


--
-- Name: djangocms_inherit_inheritpageplaceholder_from_page_id_fkey; Type: FK CONSTRAINT; Schema: public; Owner: postgres
--

ALTER TABLE ONLY djangocms_inherit_inheritpageplaceholder
    ADD CONSTRAINT djangocms_inherit_inheritpageplaceholder_from_page_id_fkey FOREIGN KEY (from_page_id) REFERENCES cms_page(id) DEFERRABLE INITIALLY DEFERRED;


--
-- Name: djangocms_link_link_cmsplugin_ptr_id_fkey; Type: FK CONSTRAINT; Schema: public; Owner: postgres
--

ALTER TABLE ONLY djangocms_link_link
    ADD CONSTRAINT djangocms_link_link_cmsplugin_ptr_id_fkey FOREIGN KEY (cmsplugin_ptr_id) REFERENCES cms_cmsplugin(id) DEFERRABLE INITIALLY DEFERRED;


--
-- Name: djangocms_link_link_page_link_id_fkey; Type: FK CONSTRAINT; Schema: public; Owner: postgres
--

ALTER TABLE ONLY djangocms_link_link
    ADD CONSTRAINT djangocms_link_link_page_link_id_fkey FOREIGN KEY (page_link_id) REFERENCES cms_page(id) DEFERRABLE INITIALLY DEFERRED;


--
-- Name: djangocms_picture_picture_cmsplugin_ptr_id_fkey; Type: FK CONSTRAINT; Schema: public; Owner: postgres
--

ALTER TABLE ONLY djangocms_picture_picture
    ADD CONSTRAINT djangocms_picture_picture_cmsplugin_ptr_id_fkey FOREIGN KEY (cmsplugin_ptr_id) REFERENCES cms_cmsplugin(id) DEFERRABLE INITIALLY DEFERRED;


--
-- Name: djangocms_picture_picture_page_link_id_fkey; Type: FK CONSTRAINT; Schema: public; Owner: postgres
--

ALTER TABLE ONLY djangocms_picture_picture
    ADD CONSTRAINT djangocms_picture_picture_page_link_id_fkey FOREIGN KEY (page_link_id) REFERENCES cms_page(id) DEFERRABLE INITIALLY DEFERRED;


--
-- Name: djangocms_style_style_cmsplugin_ptr_id_fkey; Type: FK CONSTRAINT; Schema: public; Owner: postgres
--

ALTER TABLE ONLY djangocms_style_style
    ADD CONSTRAINT djangocms_style_style_cmsplugin_ptr_id_fkey FOREIGN KEY (cmsplugin_ptr_id) REFERENCES cms_cmsplugin(id) DEFERRABLE INITIALLY DEFERRED;


--
-- Name: djangocms_teaser_teaser_cmsplugin_ptr_id_fkey; Type: FK CONSTRAINT; Schema: public; Owner: postgres
--

ALTER TABLE ONLY djangocms_teaser_teaser
    ADD CONSTRAINT djangocms_teaser_teaser_cmsplugin_ptr_id_fkey FOREIGN KEY (cmsplugin_ptr_id) REFERENCES cms_cmsplugin(id) DEFERRABLE INITIALLY DEFERRED;


--
-- Name: djangocms_teaser_teaser_page_link_id_fkey; Type: FK CONSTRAINT; Schema: public; Owner: postgres
--

ALTER TABLE ONLY djangocms_teaser_teaser
    ADD CONSTRAINT djangocms_teaser_teaser_page_link_id_fkey FOREIGN KEY (page_link_id) REFERENCES cms_page(id) DEFERRABLE INITIALLY DEFERRED;


--
-- Name: djangocms_video_video_cmsplugin_ptr_id_fkey; Type: FK CONSTRAINT; Schema: public; Owner: postgres
--

ALTER TABLE ONLY djangocms_video_video
    ADD CONSTRAINT djangocms_video_video_cmsplugin_ptr_id_fkey FOREIGN KEY (cmsplugin_ptr_id) REFERENCES cms_cmsplugin(id) DEFERRABLE INITIALLY DEFERRED;


--
-- Name: globalpagepermission_id_refs_id_09b826f9; Type: FK CONSTRAINT; Schema: public; Owner: postgres
--

ALTER TABLE ONLY cms_globalpagepermission_sites
    ADD CONSTRAINT globalpagepermission_id_refs_id_09b826f9 FOREIGN KEY (globalpagepermission_id) REFERENCES cms_globalpagepermission(id) DEFERRABLE INITIALLY DEFERRED;


--
-- Name: group_id_refs_id_f4b32aac; Type: FK CONSTRAINT; Schema: public; Owner: postgres
--

ALTER TABLE ONLY auth_group_permissions
    ADD CONSTRAINT group_id_refs_id_f4b32aac FOREIGN KEY (group_id) REFERENCES auth_group(id) DEFERRABLE INITIALLY DEFERRED;


--
-- Name: metro_restoration_customcontact_cmsplugin_ptr_id_fkey; Type: FK CONSTRAINT; Schema: public; Owner: postgres
--

ALTER TABLE ONLY metro_restoration_customcontact
    ADD CONSTRAINT metro_restoration_customcontact_cmsplugin_ptr_id_fkey FOREIGN KEY (cmsplugin_ptr_id) REFERENCES cms_cmsplugin(id) DEFERRABLE INITIALLY DEFERRED;


--
-- Name: page_id_refs_id_88abf373; Type: FK CONSTRAINT; Schema: public; Owner: postgres
--

ALTER TABLE ONLY cms_page_placeholders
    ADD CONSTRAINT page_id_refs_id_88abf373 FOREIGN KEY (page_id) REFERENCES cms_page(id) DEFERRABLE INITIALLY DEFERRED;


--
-- Name: parent_id_refs_id_8d462df0; Type: FK CONSTRAINT; Schema: public; Owner: postgres
--

ALTER TABLE ONLY cms_cmsplugin
    ADD CONSTRAINT parent_id_refs_id_8d462df0 FOREIGN KEY (parent_id) REFERENCES cms_cmsplugin(id) DEFERRABLE INITIALLY DEFERRED;


--
-- Name: parent_id_refs_id_ca1f299f; Type: FK CONSTRAINT; Schema: public; Owner: postgres
--

ALTER TABLE ONLY cms_page
    ADD CONSTRAINT parent_id_refs_id_ca1f299f FOREIGN KEY (parent_id) REFERENCES cms_page(id) DEFERRABLE INITIALLY DEFERRED;


--
-- Name: publisher_public_id_refs_id_579fc503; Type: FK CONSTRAINT; Schema: public; Owner: postgres
--

ALTER TABLE ONLY cms_title
    ADD CONSTRAINT publisher_public_id_refs_id_579fc503 FOREIGN KEY (publisher_public_id) REFERENCES cms_title(id) DEFERRABLE INITIALLY DEFERRED;


--
-- Name: publisher_public_id_refs_id_ca1f299f; Type: FK CONSTRAINT; Schema: public; Owner: postgres
--

ALTER TABLE ONLY cms_page
    ADD CONSTRAINT publisher_public_id_refs_id_ca1f299f FOREIGN KEY (publisher_public_id) REFERENCES cms_page(id) DEFERRABLE INITIALLY DEFERRED;


--
-- Name: reversion_revision_user_id_fkey; Type: FK CONSTRAINT; Schema: public; Owner: postgres
--

ALTER TABLE ONLY reversion_revision
    ADD CONSTRAINT reversion_revision_user_id_fkey FOREIGN KEY (user_id) REFERENCES auth_user(id) DEFERRABLE INITIALLY DEFERRED;


--
-- Name: reversion_version_content_type_id_fkey; Type: FK CONSTRAINT; Schema: public; Owner: postgres
--

ALTER TABLE ONLY reversion_version
    ADD CONSTRAINT reversion_version_content_type_id_fkey FOREIGN KEY (content_type_id) REFERENCES django_content_type(id) DEFERRABLE INITIALLY DEFERRED;


--
-- Name: reversion_version_revision_id_fkey; Type: FK CONSTRAINT; Schema: public; Owner: postgres
--

ALTER TABLE ONLY reversion_version
    ADD CONSTRAINT reversion_version_revision_id_fkey FOREIGN KEY (revision_id) REFERENCES reversion_revision(id) DEFERRABLE INITIALLY DEFERRED;


--
-- Name: user_id_refs_id_40c41112; Type: FK CONSTRAINT; Schema: public; Owner: postgres
--

ALTER TABLE ONLY auth_user_groups
    ADD CONSTRAINT user_id_refs_id_40c41112 FOREIGN KEY (user_id) REFERENCES auth_user(id) DEFERRABLE INITIALLY DEFERRED;


--
-- Name: user_id_refs_id_4dc23c39; Type: FK CONSTRAINT; Schema: public; Owner: postgres
--

ALTER TABLE ONLY auth_user_user_permissions
    ADD CONSTRAINT user_id_refs_id_4dc23c39 FOREIGN KEY (user_id) REFERENCES auth_user(id) DEFERRABLE INITIALLY DEFERRED;


--
-- Name: public; Type: ACL; Schema: -; Owner: postgres
--

REVOKE ALL ON SCHEMA public FROM PUBLIC;
REVOKE ALL ON SCHEMA public FROM postgres;
GRANT ALL ON SCHEMA public TO postgres;
GRANT ALL ON SCHEMA public TO PUBLIC;


--
-- PostgreSQL database dump complete
--

